ticker,company_name,fiscal_year_t,target_year,FD_target_main_t_plus_1,FD_target_article141_only_t_plus_1,FD_target_persistent_loss_robustness_t_plus_1,final_model_eligible_t,target_valid_t_plus_1,pair_final_eligible,pair_exclusion_reason,predictor_row_key_t,target_row_key_t_plus_1
اپال,,1396,1397,0,0,0,1,1,1,,اپال|1396,اپال|1397
اپال,,1397,1398,0,0,0,1,1,1,,اپال|1397,اپال|1398
اپال,,1398,1399,0,0,0,1,1,1,,اپال|1398,اپال|1399
اپال,,1399,1400,0,0,0,1,1,1,,اپال|1399,اپال|1400
اپال,,1400,1401,0,0,0,1,1,1,,اپال|1400,اپال|1401
اپال,,1401,1402,0,0,0,1,1,1,,اپال|1401,اپال|1402
اردستان,شرکت سیمان اردستان,1392,1393,,,,0,0,0,predictor_not_eligible:pre_listing | consolidated_or_unresolved_statement | source_not_traceable | unresolved_target | target_t+1_missing,اردستان|1392,اردستان|1393
اردستان,شرکت سیمان اردستان,1393,1394,,,,0,0,0,predictor_not_eligible:pre_listing | consolidated_or_unresolved_statement | source_not_traceable | unresolved_target | target_t+1_missing,اردستان|1393,اردستان|1394
اردستان,شرکت سیمان اردستان,1394,1395,,,,0,0,0,predictor_not_eligible:pre_listing | consolidated_or_unresolved_statement | source_not_traceable | unresolved_target | target_t+1_missing,اردستان|1394,اردستان|1395
اردستان,شرکت سیمان اردستان,1395,1396,,,,0,0,0,predictor_not_eligible:pre_listing | consolidated_or_unresolved_statement | source_not_traceable | unresolved_target | target_t+1_missing,اردستان|1395,اردستان|1396
اردستان,شرکت سیمان اردستان,1396,1397,0,0,,0,1,0,predictor_not_eligible:pre_listing | consolidated_or_unresolved_statement | source_not_traceable | unresolved_target,اردستان|1396,اردستان|1397
اردستان,شرکت سیمان اردستان,1397,1398,0,0,0,1,1,1,,اردستان|1397,اردستان|1398
اردستان,شرکت سیمان اردستان,1398,1399,0,0,0,1,1,1,,اردستان|1398,اردستان|1399
اروند,شرکت پتروشیمی اروند,1394,1395,1,1,1,1,1,1,,اروند|1394,اروند|1395
اروند,شرکت پتروشیمی اروند,1395,1396,1,1,1,1,1,1,,اروند|1395,اروند|1396
اروند,شرکت پتروشیمی اروند,1398,1399,0,0,0,1,1,1,,اروند|1398,اروند|1399
اروند,شرکت پتروشیمی اروند,1399,1400,0,0,0,1,1,1,,اروند|1399,اروند|1400
اروند,شرکت پتروشیمی اروند,1400,1401,0,0,0,1,1,1,,اروند|1400,اروند|1401
بالبر,کابل البرز,1393,1394,0,0,0,1,1,1,,بالبر|1393,بالبر|1394
بالبر,کابل البرز,1394,1395,0,0,0,1,1,1,,بالبر|1394,بالبر|1395
بالبر,کابل البرز,1395,1396,1,0,1,1,1,1,,بالبر|1395,بالبر|1396
بالبر,کابل البرز,1396,1397,1,0,1,1,1,1,,بالبر|1396,بالبر|1397
بالبر,کابل البرز,1397,1398,0,0,0,1,1,1,,بالبر|1397,بالبر|1398
بالبر,کابل البرز,1398,1399,0,0,0,1,1,1,,بالبر|1398,بالبر|1399
بالبر,کابل البرز,1399,1400,1,0,1,1,1,1,,بالبر|1399,بالبر|1400
بالبر,کابل البرز,1400,1401,1,0,1,1,1,1,,بالبر|1400,بالبر|1401
بالبر,کابل البرز,1401,1402,0,0,0,1,1,1,,بالبر|1401,بالبر|1402
برکت,گروه دارویی برکت,1393,1394,0,0,0,1,1,1,,برکت|1393,برکت|1394
برکت,گروه دارویی برکت,1394,1395,0,0,0,1,1,1,,برکت|1394,برکت|1395
برکت,گروه دارویی برکت,1395,1396,0,0,0,1,1,1,,برکت|1395,برکت|1396
برکت,گروه دارویی برکت,1396,1397,0,0,0,1,1,1,,برکت|1396,برکت|1397
برکت,گروه دارویی برکت,1397,1398,0,0,0,1,1,1,,برکت|1397,برکت|1398
برکت,گروه دارویی برکت,1398,1399,0,0,0,1,1,1,,برکت|1398,برکت|1399
برکت,گروه دارویی برکت,1399,1400,0,0,0,1,1,1,,برکت|1399,برکت|1400
برکت,گروه دارویی برکت,1400,1401,0,0,0,1,1,1,,برکت|1400,برکت|1401
برکت,گروه دارویی برکت,1401,1402,0,0,0,1,1,1,,برکت|1401,برکت|1402
بکاب,شرکت صنایع جوشکاب یزد,1393,1394,0,0,0,1,1,1,,بکاب|1393,بکاب|1394
بکاب,شرکت صنایع جوشکاب یزد,1394,1395,0,0,0,1,1,1,,بکاب|1394,بکاب|1395
بکاب,شرکت صنایع جوشکاب یزد,1395,1396,0,0,0,1,1,1,,بکاب|1395,بکاب|1396
بکاب,شرکت صنایع جوشکاب یزد,1396,1397,0,0,0,1,1,1,,بکاب|1396,بکاب|1397
بکاب,شرکت صنایع جوشکاب یزد,1397,1398,0,0,0,1,1,1,,بکاب|1397,بکاب|1398
بکاب,شرکت صنایع جوشکاب یزد,1398,1399,0,0,0,1,1,1,,بکاب|1398,بکاب|1399
بکاب,شرکت صنایع جوشکاب یزد,1399,1400,0,0,0,1,1,1,,بکاب|1399,بکاب|1400
بکاب,شرکت صنایع جوشکاب یزد,1400,1401,0,0,0,1,1,1,,بکاب|1400,بکاب|1401
بکاب,شرکت صنایع جوشکاب یزد,1401,1402,0,0,0,1,1,1,,بکاب|1401,بکاب|1402
بکام,شرکت کارخانجات تولیدی شهید قندی,1393,1394,0,0,0,1,1,1,,بکام|1393,بکام|1394
بکام,شرکت کارخانجات تولیدی شهید قندی,1394,1395,0,0,0,1,1,1,,بکام|1394,بکام|1395
بکام,شرکت کارخانجات تولیدی شهید قندی,1395,1396,0,0,0,1,1,1,,بکام|1395,بکام|1396
بکام,شرکت کارخانجات تولیدی شهید قندی,1396,1397,0,0,1,1,1,1,,بکام|1396,بکام|1397
بکام,شرکت کارخانجات تولیدی شهید قندی,1397,1398,0,0,0,1,1,1,,بکام|1397,بکام|1398
بکام,شرکت کارخانجات تولیدی شهید قندی,1398,1399,0,0,0,1,1,1,,بکام|1398,بکام|1399
بکام,شرکت کارخانجات تولیدی شهید قندی,1399,1400,0,0,0,1,1,1,,بکام|1399,بکام|1400
بکام,شرکت کارخانجات تولیدی شهید قندی,1400,1401,0,0,0,1,1,1,,بکام|1400,بکام|1401
بکام,شرکت کارخانجات تولیدی شهید قندی,1401,1402,0,0,0,1,1,1,,بکام|1401,بکام|1402
بموتو,موتوژن,1392,1393,0,0,0,1,1,1,,بموتو|1392,بموتو|1393
بموتو,موتوژن,1393,1394,0,0,0,1,1,1,,بموتو|1393,بموتو|1394
بموتو,موتوژن,1394,1395,0,0,0,1,1,1,,بموتو|1394,بموتو|1395
بموتو,موتوژن,1395,1396,0,0,0,1,1,1,,بموتو|1395,بموتو|1396
بموتو,موتوژن,1396,1397,1,1,1,1,1,1,,بموتو|1396,بموتو|1397
بموتو,موتوژن,1397,1398,0,0,0,1,1,1,,بموتو|1397,بموتو|1398
بموتو,موتوژن,1398,1399,0,0,0,1,1,1,,بموتو|1398,بموتو|1399
بموتو,موتوژن,1399,1400,0,0,0,1,1,1,,بموتو|1399,بموتو|1400
بموتو,موتوژن,1400,1401,0,0,0,1,1,1,,بموتو|1400,بموتو|1401
بموتو,موتوژن,1401,1402,0,0,0,1,1,1,,بموتو|1401,بموتو|1402
بوعلی,شرکت پتروشیمی بوعلی سینا,1393,1394,0,0,0,1,1,1,,بوعلی|1393,بوعلی|1394
بوعلی,شرکت پتروشیمی بوعلی سینا,1394,1395,0,0,0,1,1,1,,بوعلی|1394,بوعلی|1395
بوعلی,شرکت پتروشیمی بوعلی سینا,1395,1396,0,0,0,1,1,1,,بوعلی|1395,بوعلی|1396
بوعلی,شرکت پتروشیمی بوعلی سینا,1396,1397,0,0,0,1,1,1,,بوعلی|1396,بوعلی|1397
بوعلی,شرکت پتروشیمی بوعلی سینا,1397,1398,0,0,0,1,1,1,,بوعلی|1397,بوعلی|1398
بوعلی,شرکت پتروشیمی بوعلی سینا,1398,1399,0,0,0,1,1,1,,بوعلی|1398,بوعلی|1399
بوعلی,شرکت پتروشیمی بوعلی سینا,1399,1400,0,0,0,1,1,1,,بوعلی|1399,بوعلی|1400
بوعلی,شرکت پتروشیمی بوعلی سینا,1400,1401,0,0,0,1,1,1,,بوعلی|1400,بوعلی|1401
بوعلی,شرکت پتروشیمی بوعلی سینا,1401,1402,0,0,0,1,1,1,,بوعلی|1401,بوعلی|1402
بترانس,شرکت ایران ترانسفو,1393,1394,1,0,1,1,1,1,,بترانس|1393,بترانس|1394
بترانس,شرکت ایران ترانسفو,1394,1395,1,0,1,1,1,1,,بترانس|1394,بترانس|1395
بترانس,شرکت ایران ترانسفو,1395,1396,0,0,0,1,1,1,,بترانس|1395,بترانس|1396
بترانس,شرکت ایران ترانسفو,1396,1397,0,0,0,1,1,1,,بترانس|1396,بترانس|1397
بترانس,شرکت ایران ترانسفو,1397,1398,0,0,0,1,1,1,,بترانس|1397,بترانس|1398
بترانس,شرکت ایران ترانسفو,1398,1399,0,0,0,1,1,1,,بترانس|1398,بترانس|1399
بترانس,شرکت ایران ترانسفو,1399,1400,0,0,0,1,1,1,,بترانس|1399,بترانس|1400
بترانس,شرکت ایران ترانسفو,1400,1401,0,0,0,1,1,1,,بترانس|1400,بترانس|1401
بترانس,شرکت ایران ترانسفو,1401,1402,0,0,0,1,1,1,,بترانس|1401,بترانس|1402
چافست,شرکت افست,1393,1394,0,0,0,1,1,1,,چافست|1393,چافست|1394
چافست,شرکت افست,1394,1395,0,0,0,1,1,1,,چافست|1394,چافست|1395
چافست,شرکت افست,1395,1396,0,0,0,1,1,1,,چافست|1395,چافست|1396
چافست,شرکت افست,1396,1397,0,0,0,1,1,1,,چافست|1396,چافست|1397
چافست,شرکت افست,1397,1398,0,0,0,1,1,1,,چافست|1397,چافست|1398
چافست,شرکت افست,1398,1399,0,0,0,1,1,1,,چافست|1398,چافست|1399
چافست,شرکت افست,1399,1400,0,0,0,1,1,1,,چافست|1399,چافست|1400
چافست,شرکت افست,1400,1401,0,0,0,1,1,1,,چافست|1400,چافست|1401
چافست,شرکت افست,1401,1402,0,0,0,1,1,1,,چافست|1401,چافست|1402
چکارن,کارتن ایران,1393,1394,0,0,0,1,1,1,,چکارن|1393,چکارن|1394
چکارن,کارتن ایران,1394,1395,0,0,0,1,1,1,,چکارن|1394,چکارن|1395
چکارن,کارتن ایران,1395,1396,0,0,0,1,1,1,,چکارن|1395,چکارن|1396
چکارن,کارتن ایران,1396,1397,0,0,0,1,1,1,,چکارن|1396,چکارن|1397
چکارن,کارتن ایران,1397,1398,0,0,0,0,1,0,predictor_not_eligible:consolidated_or_unresolved_statement,چکارن|1397,چکارن|1398
چکارن,کارتن ایران,1398,1399,0,0,0,0,1,0,predictor_not_eligible:consolidated_or_unresolved_statement,چکارن|1398,چکارن|1399
چکارن,کارتن ایران,1399,1400,0,0,0,0,1,0,predictor_not_eligible:consolidated_or_unresolved_statement,چکارن|1399,چکارن|1400
چکارن,کارتن ایران,1400,1401,0,0,0,0,1,0,predictor_not_eligible:consolidated_or_unresolved_statement,چکارن|1400,چکارن|1401
چکارن,کارتن ایران,1401,1402,0,0,0,1,1,1,,چکارن|1401,چکارن|1402
ددام,شرکت داروسازی زاگرس فارمد پارس,1393,1394,0,0,0,1,1,1,,ددام|1393,ددام|1394
ددام,شرکت داروسازی زاگرس فارمد پارس,1394,1395,1,1,1,1,1,1,,ددام|1394,ددام|1395
ددام,شرکت داروسازی زاگرس فارمد پارس,1395,1396,1,1,1,1,1,1,,ددام|1395,ددام|1396
ددام,شرکت داروسازی زاگرس فارمد پارس,1396,1397,0,0,0,1,1,1,,ددام|1396,ددام|1397
ددام,شرکت داروسازی زاگرس فارمد پارس,1397,1398,0,0,0,1,1,1,,ددام|1397,ددام|1398
ددام,شرکت داروسازی زاگرس فارمد پارس,1398,1399,0,0,0,1,1,1,,ددام|1398,ددام|1399
ددام,شرکت داروسازی زاگرس فارمد پارس,1399,1400,0,0,0,1,1,1,,ددام|1399,ددام|1400
ددام,شرکت داروسازی زاگرس فارمد پارس,1400,1401,0,0,0,1,1,1,,ددام|1400,ددام|1401
ددام,شرکت داروسازی زاگرس فارمد پارس,1401,1402,0,0,0,1,1,1,,ددام|1401,ددام|1402
دیران,ایران دارو,1392,1393,0,0,0,1,1,1,,دیران|1392,دیران|1393
دیران,ایران دارو,1393,1394,0,0,0,1,1,1,,دیران|1393,دیران|1394
دیران,ایران دارو,1394,1395,0,0,0,1,1,1,,دیران|1394,دیران|1395
دیران,ایران دارو,1395,1396,0,0,0,1,1,1,,دیران|1395,دیران|1396
دیران,ایران دارو,1396,1397,0,0,0,1,1,1,,دیران|1396,دیران|1397
دیران,ایران دارو,1397,1398,0,0,0,1,1,1,,دیران|1397,دیران|1398
دیران,ایران دارو,1398,1399,0,0,0,1,1,1,,دیران|1398,دیران|1399
دیران,ایران دارو,1399,1400,0,0,0,1,1,1,,دیران|1399,دیران|1400
دیران,ایران دارو,1400,1401,0,0,0,1,1,1,,دیران|1400,دیران|1401
دیران,ایران دارو,1401,1402,0,0,0,1,1,1,,دیران|1401,دیران|1402
درازک,لابراتوارهای رازک,1393,1394,0,0,0,0,1,0,predictor_not_eligible:source_not_traceable,درازک|1393,درازک|1394
درازک,لابراتوارهای رازک,1394,1395,0,0,0,0,1,0,predictor_not_eligible:source_not_traceable,درازک|1394,درازک|1395
درازک,لابراتوارهای رازک,1395,1396,0,0,0,0,1,0,predictor_not_eligible:source_not_traceable,درازک|1395,درازک|1396
درازک,لابراتوارهای رازک,1396,1397,0,0,0,0,1,0,predictor_not_eligible:source_not_traceable,درازک|1396,درازک|1397
درازک,لابراتوارهای رازک,1397,1398,0,0,0,0,1,0,predictor_not_eligible:source_not_traceable,درازک|1397,درازک|1398
درازک,لابراتوارهای رازک,1398,1399,0,0,0,0,1,0,predictor_not_eligible:source_not_traceable,درازک|1398,درازک|1399
درازک,لابراتوارهای رازک,1399,1400,0,0,0,1,1,1,,درازک|1399,درازک|1400
درازک,لابراتوارهای رازک,1400,1401,0,0,0,1,1,1,,درازک|1400,درازک|1401
درازک,لابراتوارهای رازک,1401,1402,0,0,0,1,1,1,,درازک|1401,درازک|1402
دروز,روز دارو,1392,1393,0,0,0,1,1,1,,دروز|1392,دروز|1393
دروز,روز دارو,1393,1394,0,0,0,1,1,1,,دروز|1393,دروز|1394
دروز,روز دارو,1394,1395,0,0,0,1,1,1,,دروز|1394,دروز|1395
دروز,روز دارو,1395,1396,0,0,0,1,1,1,,دروز|1395,دروز|1396
دروز,روز دارو,1396,1397,0,0,0,1,1,1,,دروز|1396,دروز|1397
دروز,روز دارو,1397,1398,1,0,1,1,1,1,,دروز|1397,دروز|1398
دروز,روز دارو,1398,1399,1,0,1,1,1,1,,دروز|1398,دروز|1399
دروز,روز دارو,1399,1400,1,0,1,1,1,1,,دروز|1399,دروز|1400
دروز,روز دارو,1400,1401,1,0,1,1,1,1,,دروز|1400,دروز|1401
دروز,روز دارو,1401,1402,1,0,1,1,1,1,,دروز|1401,دروز|1402
دشیمی,شرکت شیمی دارویی داروپخش,1393,1394,0,0,0,1,1,1,,دشیمی|1393,دشیمی|1394
دشیمی,شرکت شیمی دارویی داروپخش,1394,1395,0,0,0,1,1,1,,دشیمی|1394,دشیمی|1395
دشیمی,شرکت شیمی دارویی داروپخش,1395,1396,0,0,0,1,1,1,,دشیمی|1395,دشیمی|1396
دشیمی,شرکت شیمی دارویی داروپخش,1396,1397,1,0,1,1,1,1,,دشیمی|1396,دشیمی|1397
دشیمی,شرکت شیمی دارویی داروپخش,1397,1398,0,0,0,1,1,1,,دشیمی|1397,دشیمی|1398
دشیمی,شرکت شیمی دارویی داروپخش,1398,1399,0,0,0,1,1,1,,دشیمی|1398,دشیمی|1399
دشیمی,شرکت شیمی دارویی داروپخش,1399,1400,0,0,0,1,1,1,,دشیمی|1399,دشیمی|1400
دشیمی,شرکت شیمی دارویی داروپخش,1400,1401,0,0,0,1,1,1,,دشیمی|1400,دشیمی|1401
دشیمی,شرکت شیمی دارویی داروپخش,1401,1402,0,0,0,1,1,1,,دشیمی|1401,دشیمی|1402
دسینا,شرکت لابراتوارهای سینا دارو,1393,1394,0,0,0,1,1,1,,دسینا|1393,دسینا|1394
دسینا,شرکت لابراتوارهای سینا دارو,1394,1395,0,0,0,1,1,1,,دسینا|1394,دسینا|1395
دسینا,شرکت لابراتوارهای سینا دارو,1395,1396,0,0,0,1,1,1,,دسینا|1395,دسینا|1396
دسینا,شرکت لابراتوارهای سینا دارو,1396,1397,0,0,0,1,1,1,,دسینا|1396,دسینا|1397
دسینا,شرکت لابراتوارهای سینا دارو,1397,1398,0,0,0,1,1,1,,دسینا|1397,دسینا|1398
دسینا,شرکت لابراتوارهای سینا دارو,1398,1399,0,0,0,1,1,1,,دسینا|1398,دسینا|1399
دسینا,شرکت لابراتوارهای سینا دارو,1399,1400,0,0,0,1,1,1,,دسینا|1399,دسینا|1400
دسینا,شرکت لابراتوارهای سینا دارو,1400,1401,0,0,0,1,1,1,,دسینا|1400,دسینا|1401
دسینا,شرکت لابراتوارهای سینا دارو,1401,1402,0,0,0,1,1,1,,دسینا|1401,دسینا|1402
دسبحا,گروه دارویی سبحان,1392,1393,0,0,0,1,1,1,,دسبحا|1392,دسبحا|1393
دسبحا,گروه دارویی سبحان,1393,1394,0,0,0,1,1,1,,دسبحا|1393,دسبحا|1394
دسبحا,گروه دارویی سبحان,1394,1395,0,0,0,1,1,1,,دسبحا|1394,دسبحا|1395
دسبحا,گروه دارویی سبحان,1395,1396,0,0,0,1,1,1,,دسبحا|1395,دسبحا|1396
دسبحا,گروه دارویی سبحان,1396,1397,0,0,0,1,1,1,,دسبحا|1396,دسبحا|1397
دسبحا,گروه دارویی سبحان,1397,1398,0,0,0,1,1,1,,دسبحا|1397,دسبحا|1398
دسبحا,گروه دارویی سبحان,1398,1399,0,0,0,1,1,1,,دسبحا|1398,دسبحا|1399
دسبحا,گروه دارویی سبحان,1399,1400,0,0,0,1,1,1,,دسبحا|1399,دسبحا|1400
دسبحا,گروه دارویی سبحان,1400,1401,0,0,0,1,1,1,,دسبحا|1400,دسبحا|1401
دسبحا,گروه دارویی سبحان,1401,1402,0,0,0,1,1,1,,دسبحا|1401,دسبحا|1402
فایرا,آلومینیوم ایران,1393,1394,1,1,1,1,1,1,,فایرا|1393,فایرا|1394
فایرا,آلومینیوم ایران,1394,1395,0,0,1,1,1,1,,فایرا|1394,فایرا|1395
فایرا,آلومینیوم ایران,1395,1396,0,0,0,1,1,1,,فایرا|1395,فایرا|1396
فایرا,آلومینیوم ایران,1396,1397,0,0,0,1,1,1,,فایرا|1396,فایرا|1397
فایرا,آلومینیوم ایران,1397,1398,0,0,0,1,1,1,,فایرا|1397,فایرا|1398
فایرا,آلومینیوم ایران,1398,1399,0,0,0,1,1,1,,فایرا|1398,فایرا|1399
فایرا,آلومینیوم ایران,1399,1400,0,0,0,0,1,0,predictor_not_eligible:consolidated_or_unresolved_statement,فایرا|1399,فایرا|1400
فایرا,آلومینیوم ایران,1400,1401,0,0,0,0,1,0,predictor_not_eligible:consolidated_or_unresolved_statement,فایرا|1400,فایرا|1401
فایرا,آلومینیوم ایران,1401,1402,0,0,0,0,1,0,predictor_not_eligible:consolidated_or_unresolved_statement,فایرا|1401,فایرا|1402
فجر,فولاد امیرکبیر کاشان,1393,1394,0,0,0,1,1,1,,فجر|1393,فجر|1394
فجر,فولاد امیرکبیر کاشان,1394,1395,0,0,0,1,1,1,,فجر|1394,فجر|1395
فجر,فولاد امیرکبیر کاشان,1395,1396,0,0,0,1,1,1,,فجر|1395,فجر|1396
فجر,فولاد امیرکبیر کاشان,1396,1397,0,0,0,1,1,1,,فجر|1396,فجر|1397
فجر,فولاد امیرکبیر کاشان,1397,1398,0,0,0,1,1,1,,فجر|1397,فجر|1398
فجر,فولاد امیرکبیر کاشان,1398,1399,0,0,0,1,1,1,,فجر|1398,فجر|1399
فجر,فولاد امیرکبیر کاشان,1399,1400,0,0,0,1,1,1,,فجر|1399,فجر|1400
فجر,فولاد امیرکبیر کاشان,1400,1401,0,0,0,1,1,1,,فجر|1400,فجر|1401
فجر,فولاد امیرکبیر کاشان,1401,1402,0,0,0,1,1,1,,فجر|1401,فجر|1402
فرآور,فرآوری مواد معدنی ایران,1393,1394,0,0,0,1,1,1,,فرآور|1393,فرآور|1394
فرآور,فرآوری مواد معدنی ایران,1394,1395,0,0,0,1,1,1,,فرآور|1394,فرآور|1395
فرآور,فرآوری مواد معدنی ایران,1395,1396,0,0,0,1,1,1,,فرآور|1395,فرآور|1396
فرآور,فرآوری مواد معدنی ایران,1396,1397,0,0,0,1,1,1,,فرآور|1396,فرآور|1397
فرآور,فرآوری مواد معدنی ایران,1397,1398,0,0,0,1,1,1,,فرآور|1397,فرآور|1398
فرآور,فرآوری مواد معدنی ایران,1398,1399,0,0,0,1,1,1,,فرآور|1398,فرآور|1399
فرآور,فرآوری مواد معدنی ایران,1399,1400,0,0,0,1,1,1,,فرآور|1399,فرآور|1400
فرآور,فرآوری مواد معدنی ایران,1400,1401,0,0,0,1,1,1,,فرآور|1400,فرآور|1401
فرآور,فرآوری مواد معدنی ایران,1401,1402,0,0,0,1,1,1,,فرآور|1401,فرآور|1402
فارس,شرکت صنایع پتروشیمی خلیج فارس,1393,1394,0,0,0,1,1,1,,فارس|1393,فارس|1394
فارس,شرکت صنایع پتروشیمی خلیج فارس,1394,1395,0,0,0,1,1,1,,فارس|1394,فارس|1395
فارس,شرکت صنایع پتروشیمی خلیج فارس,1395,1396,0,0,0,1,1,1,,فارس|1395,فارس|1396
فارس,شرکت صنایع پتروشیمی خلیج فارس,1396,1397,0,0,0,1,1,1,,فارس|1396,فارس|1397
فارس,شرکت صنایع پتروشیمی خلیج فارس,1397,1398,0,0,0,1,1,1,,فارس|1397,فارس|1398
فارس,شرکت صنایع پتروشیمی خلیج فارس,1398,1399,0,0,0,1,1,1,,فارس|1398,فارس|1399
فارس,شرکت صنایع پتروشیمی خلیج فارس,1399,1400,0,0,0,1,1,1,,فارس|1399,فارس|1400
فارس,شرکت صنایع پتروشیمی خلیج فارس,1400,1401,0,0,0,1,1,1,,فارس|1400,فارس|1401
فارس,شرکت صنایع پتروشیمی خلیج فارس,1401,1402,0,0,0,1,1,1,,فارس|1401,فارس|1402
فاذر,شرکت صنایع آذرآب,1393,1394,0,0,0,1,1,1,,فاذر|1393,فاذر|1394
فاذر,شرکت صنایع آذرآب,1394,1395,0,0,0,0,1,0,predictor_not_eligible:consolidated_or_unresolved_statement,فاذر|1394,فاذر|1395
فاذر,شرکت صنایع آذرآب,1395,1396,1,0,1,0,1,0,predictor_not_eligible:consolidated_or_unresolved_statement,فاذر|1395,فاذر|1396
فاذر,شرکت صنایع آذرآب,1396,1397,1,0,1,0,1,0,predictor_not_eligible:consolidated_or_unresolved_statement,فاذر|1396,فاذر|1397
فاذر,شرکت صنایع آذرآب,1397,1398,0,0,0,0,1,0,predictor_not_eligible:consolidated_or_unresolved_statement,فاذر|1397,فاذر|1398
فاذر,شرکت صنایع آذرآب,1398,1399,1,0,1,0,1,0,predictor_not_eligible:consolidated_or_unresolved_statement,فاذر|1398,فاذر|1399
فاذر,شرکت صنایع آذرآب,1399,1400,0,0,0,0,1,0,predictor_not_eligible:consolidated_or_unresolved_statement,فاذر|1399,فاذر|1400
فاذر,شرکت صنایع آذرآب,1400,1401,0,0,1,0,1,0,predictor_not_eligible:consolidated_or_unresolved_statement,فاذر|1400,فاذر|1401
فاذر,شرکت صنایع آذرآب,1401,1402,0,0,1,0,1,0,predictor_not_eligible:consolidated_or_unresolved_statement,فاذر|1401,فاذر|1402
فباهنر,صنایع مس شهید باهنر,1393,1394,0,0,0,1,1,1,,فباهنر|1393,فباهنر|1394
فباهنر,صنایع مس شهید باهنر,1394,1395,0,0,0,1,1,1,,فباهنر|1394,فباهنر|1395
فباهنر,صنایع مس شهید باهنر,1395,1396,0,0,0,1,1,1,,فباهنر|1395,فباهنر|1396
فباهنر,صنایع مس شهید باهنر,1396,1397,0,0,0,1,1,1,,فباهنر|1396,فباهنر|1397
فباهنر,صنایع مس شهید باهنر,1397,1398,0,0,0,1,1,1,,فباهنر|1397,فباهنر|1398
فباهنر,صنایع مس شهید باهنر,1398,1399,0,0,0,1,1,1,,فباهنر|1398,فباهنر|1399
فباهنر,صنایع مس شهید باهنر,1399,1400,0,0,0,1,1,1,,فباهنر|1399,فباهنر|1400
فباهنر,صنایع مس شهید باهنر,1400,1401,0,0,0,1,1,1,,فباهنر|1400,فباهنر|1401
فباهنر,صنایع مس شهید باهنر,1401,1402,0,0,0,1,1,1,,فباهنر|1401,فباهنر|1402
فسپا,گروه صنعتی سپاهان,1393,1394,0,0,0,1,1,1,,فسپا|1393,فسپا|1394
فسپا,گروه صنعتی سپاهان,1394,1395,0,0,0,1,1,1,,فسپا|1394,فسپا|1395
فسپا,گروه صنعتی سپاهان,1395,1396,0,0,0,1,1,1,,فسپا|1395,فسپا|1396
فسپا,گروه صنعتی سپاهان,1396,1397,0,0,0,1,1,1,,فسپا|1396,فسپا|1397
فسپا,گروه صنعتی سپاهان,1397,1398,0,0,0,1,1,1,,فسپا|1397,فسپا|1398
فسپا,گروه صنعتی سپاهان,1398,1399,0,0,0,0,1,0,predictor_not_eligible:consolidated_or_unresolved_statement,فسپا|1398,فسپا|1399
فسپا,گروه صنعتی سپاهان,1399,1400,0,0,0,0,1,0,predictor_not_eligible:consolidated_or_unresolved_statement,فسپا|1399,فسپا|1400
فسپا,گروه صنعتی سپاهان,1400,1401,0,0,0,0,1,0,predictor_not_eligible:consolidated_or_unresolved_statement,فسپا|1400,فسپا|1401
فسپا,گروه صنعتی سپاهان,1401,1402,0,0,0,0,1,0,predictor_not_eligible:consolidated_or_unresolved_statement,فسپا|1401,فسپا|1402
فجام,شرکت صنعتی جام دارو (سهامی عام),1393,1394,0,0,0,1,1,1,,فجام|1393,فجام|1394
فجام,شرکت صنعتی جام دارو (سهامی عام),1394,1395,0,0,0,1,1,1,,فجام|1394,فجام|1395
فجام,شرکت صنعتی جام دارو (سهامی عام),1395,1396,0,0,0,1,1,1,,فجام|1395,فجام|1396
فجام,شرکت صنعتی جام دارو (سهامی عام),1396,1397,0,0,0,1,1,1,,فجام|1396,فجام|1397
فجام,شرکت صنعتی جام دارو (سهامی عام),1397,1398,0,0,0,1,1,1,,فجام|1397,فجام|1398
فجام,شرکت صنعتی جام دارو (سهامی عام),1398,1399,0,0,0,1,1,1,,فجام|1398,فجام|1399
فجام,شرکت صنعتی جام دارو (سهامی عام),1399,1400,0,0,0,1,1,1,,فجام|1399,فجام|1400
فجام,شرکت صنعتی جام دارو (سهامی عام),1400,1401,0,0,0,1,1,1,,فجام|1400,فجام|1401
فجام,شرکت صنعتی جام دارو (سهامی عام),1401,1402,0,0,0,1,1,1,,فجام|1401,فجام|1402
فخوز,فولاد خوزستان,1393,1394,0,0,0,1,1,1,,فخوز|1393,فخوز|1394
فخوز,فولاد خوزستان,1394,1395,0,0,0,0,1,0,predictor_not_eligible:consolidated_or_unresolved_statement,فخوز|1394,فخوز|1395
فخوز,فولاد خوزستان,1395,1396,0,0,0,0,1,0,predictor_not_eligible:consolidated_or_unresolved_statement,فخوز|1395,فخوز|1396
فخوز,فولاد خوزستان,1396,1397,0,0,0,0,1,0,predictor_not_eligible:consolidated_or_unresolved_statement,فخوز|1396,فخوز|1397
فخوز,فولاد خوزستان,1397,1398,0,0,0,0,1,0,predictor_not_eligible:consolidated_or_unresolved_statement,فخوز|1397,فخوز|1398
فخوز,فولاد خوزستان,1398,1399,0,0,0,0,1,0,predictor_not_eligible:consolidated_or_unresolved_statement,فخوز|1398,فخوز|1399
فخوز,فولاد خوزستان,1399,1400,0,0,0,0,1,0,predictor_not_eligible:consolidated_or_unresolved_statement,فخوز|1399,فخوز|1400
فخوز,فولاد خوزستان,1400,1401,0,0,0,0,1,0,predictor_not_eligible:consolidated_or_unresolved_statement,فخوز|1400,فخوز|1401
فخوز,فولاد خوزستان,1401,1402,0,0,0,0,1,0,predictor_not_eligible:consolidated_or_unresolved_statement,فخوز|1401,فخوز|1402
فملی,ملی صنایع مس ایران,1393,1394,0,0,0,1,1,1,,فملی|1393,فملی|1394
فملی,ملی صنایع مس ایران,1394,1395,0,0,0,0,1,0,predictor_not_eligible:consolidated_or_unresolved_statement,فملی|1394,فملی|1395
فملی,ملی صنایع مس ایران,1395,1396,0,0,0,0,1,0,predictor_not_eligible:consolidated_or_unresolved_statement,فملی|1395,فملی|1396
فملی,ملی صنایع مس ایران,1396,1397,0,0,0,0,1,0,predictor_not_eligible:consolidated_or_unresolved_statement,فملی|1396,فملی|1397
فملی,ملی صنایع مس ایران,1397,1398,0,0,0,0,1,0,predictor_not_eligible:consolidated_or_unresolved_statement,فملی|1397,فملی|1398
فملی,ملی صنایع مس ایران,1398,1399,0,0,0,0,1,0,predictor_not_eligible:consolidated_or_unresolved_statement,فملی|1398,فملی|1399
فملی,ملی صنایع مس ایران,1399,1400,0,0,0,0,1,0,predictor_not_eligible:consolidated_or_unresolved_statement,فملی|1399,فملی|1400
فملی,ملی صنایع مس ایران,1400,1401,0,0,0,0,1,0,predictor_not_eligible:consolidated_or_unresolved_statement,فملی|1400,فملی|1401
فملی,ملی صنایع مس ایران,1401,1402,0,0,0,0,1,0,predictor_not_eligible:consolidated_or_unresolved_statement,فملی|1401,فملی|1402
غسالم,سالمین,1392,1393,0,0,0,1,1,1,,غسالم|1392,غسالم|1393
غسالم,سالمین,1393,1394,0,0,0,1,1,1,,غسالم|1393,غسالم|1394
غسالم,سالمین,1394,1395,0,0,0,1,1,1,,غسالم|1394,غسالم|1395
غسالم,سالمین,1395,1396,0,0,0,1,1,1,,غسالم|1395,غسالم|1396
غسالم,سالمین,1396,1397,0,0,0,1,1,1,,غسالم|1396,غسالم|1397
غسالم,سالمین,1397,1398,0,0,0,1,1,1,,غسالم|1397,غسالم|1398
غسالم,سالمین,1398,1399,0,0,0,1,1,1,,غسالم|1398,غسالم|1399
غسالم,سالمین,1399,1400,0,0,0,1,1,1,,غسالم|1399,غسالم|1400
غسالم,سالمین,1400,1401,0,0,0,1,1,1,,غسالم|1400,غسالم|1401
غسالم,سالمین,1401,1402,0,0,0,1,1,1,,غسالم|1401,غسالم|1402
فمراد,آلومراد,1393,1394,0,0,0,1,1,1,,فمراد|1393,فمراد|1394
فمراد,آلومراد,1394,1395,0,0,0,1,1,1,,فمراد|1394,فمراد|1395
فمراد,آلومراد,1395,1396,0,0,0,1,1,1,,فمراد|1395,فمراد|1396
فمراد,آلومراد,1396,1397,0,0,1,1,1,1,,فمراد|1396,فمراد|1397
فمراد,آلومراد,1397,1398,1,0,1,1,1,1,,فمراد|1397,فمراد|1398
فمراد,آلومراد,1398,1399,0,0,0,1,1,1,,فمراد|1398,فمراد|1399
فمراد,آلومراد,1399,1400,0,0,0,1,1,1,,فمراد|1399,فمراد|1400
فمراد,آلومراد,1400,1401,0,0,0,1,1,1,,فمراد|1400,فمراد|1401
فمراد,آلومراد,1401,1402,0,0,0,1,1,1,,فمراد|1401,فمراد|1402
فنورد,نورد و تولید قطعات فولادی,1393,1394,0,0,0,1,1,1,,فنورد|1393,فنورد|1394
فنورد,نورد و تولید قطعات فولادی,1394,1395,0,0,0,1,1,1,,فنورد|1394,فنورد|1395
فنورد,نورد و تولید قطعات فولادی,1395,1396,0,0,0,1,1,1,,فنورد|1395,فنورد|1396
فنورد,نورد و تولید قطعات فولادی,1396,1397,0,0,0,1,1,1,,فنورد|1396,فنورد|1397
فنورد,نورد و تولید قطعات فولادی,1397,1398,0,0,0,1,1,1,,فنورد|1397,فنورد|1398
فنورد,نورد و تولید قطعات فولادی,1398,1399,0,0,0,1,1,1,,فنورد|1398,فنورد|1399
فنورد,نورد و تولید قطعات فولادی,1399,1400,0,0,0,1,1,1,,فنورد|1399,فنورد|1400
فنورد,نورد و تولید قطعات فولادی,1400,1401,0,0,0,1,1,1,,فنورد|1400,فنورد|1401
فنورد,نورد و تولید قطعات فولادی,1401,1402,0,0,0,1,1,1,,فنورد|1401,فنورد|1402
فسرب,ملی سرب و روی ایران,1393,1394,0,0,0,1,1,1,,فسرب|1393,فسرب|1394
فسرب,ملی سرب و روی ایران,1394,1395,0,0,0,1,1,1,,فسرب|1394,فسرب|1395
فسرب,ملی سرب و روی ایران,1395,1396,0,0,0,1,1,1,,فسرب|1395,فسرب|1396
فسرب,ملی سرب و روی ایران,1396,1397,0,0,0,1,1,1,,فسرب|1396,فسرب|1397
فسرب,ملی سرب و روی ایران,1397,1398,0,0,0,1,1,1,,فسرب|1397,فسرب|1398
فسرب,ملی سرب و روی ایران,1398,1399,0,0,0,1,1,1,,فسرب|1398,فسرب|1399
فسرب,ملی سرب و روی ایران,1399,1400,0,0,0,1,1,1,,فسرب|1399,فسرب|1400
فسرب,ملی سرب و روی ایران,1400,1401,0,0,0,1,1,1,,فسرب|1400,فسرب|1401
فسرب,ملی سرب و روی ایران,1401,1402,0,0,0,1,1,1,,فسرب|1401,فسرب|1402
فپنتا,صنعتی سپنتا,1393,1394,0,0,0,1,1,1,,فپنتا|1393,فپنتا|1394
فپنتا,صنعتی سپنتا,1394,1395,0,0,0,1,1,1,,فپنتا|1394,فپنتا|1395
فپنتا,صنعتی سپنتا,1395,1396,0,0,0,0,1,0,predictor_not_eligible:consolidated_or_unresolved_statement,فپنتا|1395,فپنتا|1396
فپنتا,صنعتی سپنتا,1396,1397,0,0,0,0,1,0,predictor_not_eligible:consolidated_or_unresolved_statement,فپنتا|1396,فپنتا|1397
فپنتا,صنعتی سپنتا,1397,1398,0,0,0,0,1,0,predictor_not_eligible:consolidated_or_unresolved_statement,فپنتا|1397,فپنتا|1398
فپنتا,صنعتی سپنتا,1398,1399,0,0,0,0,1,0,predictor_not_eligible:consolidated_or_unresolved_statement,فپنتا|1398,فپنتا|1399
فپنتا,صنعتی سپنتا,1399,1400,0,0,0,0,1,0,predictor_not_eligible:consolidated_or_unresolved_statement,فپنتا|1399,فپنتا|1400
فپنتا,صنعتی سپنتا,1400,1401,0,0,0,0,1,0,predictor_not_eligible:consolidated_or_unresolved_statement,فپنتا|1400,فپنتا|1401
فپنتا,صنعتی سپنتا,1401,1402,0,0,0,0,1,0,predictor_not_eligible:consolidated_or_unresolved_statement,فپنتا|1401,فپنتا|1402
فولاژ,فولاد آلیاژی ایران,1393,1394,0,0,0,1,1,1,,فولاژ|1393,فولاژ|1394
فولاژ,فولاد آلیاژی ایران,1394,1395,0,0,0,1,1,1,,فولاژ|1394,فولاژ|1395
فولاژ,فولاد آلیاژی ایران,1395,1396,0,0,0,1,1,1,,فولاژ|1395,فولاژ|1396
فولاژ,فولاد آلیاژی ایران,1396,1397,0,0,0,0,1,0,predictor_not_eligible:consolidated_or_unresolved_statement,فولاژ|1396,فولاژ|1397
فولاژ,فولاد آلیاژی ایران,1397,1398,0,0,0,0,1,0,predictor_not_eligible:consolidated_or_unresolved_statement,فولاژ|1397,فولاژ|1398
فولاژ,فولاد آلیاژی ایران,1398,1399,0,0,0,0,1,0,predictor_not_eligible:consolidated_or_unresolved_statement,فولاژ|1398,فولاژ|1399
فولاژ,فولاد آلیاژی ایران,1399,1400,0,0,0,0,1,0,predictor_not_eligible:consolidated_or_unresolved_statement,فولاژ|1399,فولاژ|1400
فولاژ,فولاد آلیاژی ایران,1400,1401,0,0,0,0,1,0,predictor_not_eligible:consolidated_or_unresolved_statement,فولاژ|1400,فولاژ|1401
فولاژ,فولاد آلیاژی ایران,1401,1402,0,0,0,0,1,0,predictor_not_eligible:consolidated_or_unresolved_statement,فولاژ|1401,فولاژ|1402
غبهنوش,بهنوش ایران,1392,1393,1,1,1,1,1,1,,غبهنوش|1392,غبهنوش|1393
غبهنوش,بهنوش ایران,1393,1394,0,0,0,1,1,1,,غبهنوش|1393,غبهنوش|1394
غبهنوش,بهنوش ایران,1394,1395,0,0,0,1,1,1,,غبهنوش|1394,غبهنوش|1395
غبهنوش,بهنوش ایران,1395,1396,0,0,0,1,1,1,,غبهنوش|1395,غبهنوش|1396
غبهنوش,بهنوش ایران,1396,1397,0,0,0,1,1,1,,غبهنوش|1396,غبهنوش|1397
غبهنوش,بهنوش ایران,1397,1398,0,0,0,1,1,1,,غبهنوش|1397,غبهنوش|1398
غبهنوش,بهنوش ایران,1398,1399,0,0,0,1,1,1,,غبهنوش|1398,غبهنوش|1399
غبهنوش,بهنوش ایران,1399,1400,0,0,0,1,1,1,,غبهنوش|1399,غبهنوش|1400
غبهنوش,بهنوش ایران,1400,1401,0,0,0,1,1,1,,غبهنوش|1400,غبهنوش|1401
غبهنوش,بهنوش ایران,1401,1402,0,0,0,1,1,1,,غبهنوش|1401,غبهنوش|1402
غدام,خوراک دام پارس,1392,1393,0,0,0,1,1,1,,غدام|1392,غدام|1393
غدام,خوراک دام پارس,1393,1394,0,0,0,1,1,1,,غدام|1393,غدام|1394
غدام,خوراک دام پارس,1394,1395,0,0,0,1,1,1,,غدام|1394,غدام|1395
غدام,خوراک دام پارس,1395,1396,1,0,1,1,1,1,,غدام|1395,غدام|1396
غدام,خوراک دام پارس,1396,1397,0,0,0,1,1,1,,غدام|1396,غدام|1397
غدام,خوراک دام پارس,1397,1398,0,0,0,1,1,1,,غدام|1397,غدام|1398
غدام,خوراک دام پارس,1398,1399,0,0,0,1,1,1,,غدام|1398,غدام|1399
غدام,خوراک دام پارس,1399,1400,0,0,0,1,1,1,,غدام|1399,غدام|1400
غدام,خوراک دام پارس,1400,1401,0,0,0,1,1,1,,غدام|1400,غدام|1401
غدام,خوراک دام پارس,1401,1402,0,0,0,1,1,1,,غدام|1401,غدام|1402
غگل,گلوکوزان,1392,1393,0,0,0,1,1,1,,غگل|1392,غگل|1393
غگل,گلوکوزان,1393,1394,0,0,0,1,1,1,,غگل|1393,غگل|1394
غگل,گلوکوزان,1394,1395,0,0,0,1,1,1,,غگل|1394,غگل|1395
غگل,گلوکوزان,1395,1396,0,0,0,1,1,1,,غگل|1395,غگل|1396
غگل,گلوکوزان,1396,1397,0,0,0,1,1,1,,غگل|1396,غگل|1397
غگل,گلوکوزان,1397,1398,0,0,0,1,1,1,,غگل|1397,غگل|1398
غگل,گلوکوزان,1398,1399,0,0,0,1,1,1,,غگل|1398,غگل|1399
غگل,گلوکوزان,1399,1400,0,0,0,1,1,1,,غگل|1399,غگل|1400
غگل,گلوکوزان,1400,1401,0,0,0,1,1,1,,غگل|1400,غگل|1401
غگل,گلوکوزان,1401,1402,0,0,0,1,1,1,,غگل|1401,غگل|1402
غنوش,نوش مازندران,1392,1393,0,0,0,1,1,1,,غنوش|1392,غنوش|1393
غنوش,نوش مازندران,1393,1394,0,0,0,1,1,1,,غنوش|1393,غنوش|1394
غنوش,نوش مازندران,1394,1395,0,0,0,1,1,1,,غنوش|1394,غنوش|1395
غنوش,نوش مازندران,1395,1396,0,0,0,1,1,1,,غنوش|1395,غنوش|1396
غنوش,نوش مازندران,1396,1397,0,0,0,1,1,1,,غنوش|1396,غنوش|1397
غنوش,نوش مازندران,1397,1398,0,0,0,1,1,1,,غنوش|1397,غنوش|1398
غنوش,نوش مازندران,1398,1399,0,0,0,1,1,1,,غنوش|1398,غنوش|1399
غنوش,نوش مازندران,1399,1400,0,0,0,1,1,1,,غنوش|1399,غنوش|1400
غنوش,نوش مازندران,1400,1401,0,0,0,1,1,1,,غنوش|1400,غنوش|1401
غنوش,نوش مازندران,1401,1402,0,0,0,1,1,1,,غنوش|1401,غنوش|1402
کفرا,فرآورده‌های نسوز ایران,1392,1393,0,0,0,1,1,1,,کفرا|1392,کفرا|1393
کفرا,فرآورده‌های نسوز ایران,1393,1394,0,0,0,1,1,1,,کفرا|1393,کفرا|1394
کفرا,فرآورده‌های نسوز ایران,1394,1395,0,0,0,1,1,1,,کفرا|1394,کفرا|1395
کفرا,فرآورده‌های نسوز ایران,1395,1396,0,0,0,1,1,1,,کفرا|1395,کفرا|1396
کفرا,فرآورده‌های نسوز ایران,1396,1397,0,0,0,1,1,1,,کفرا|1396,کفرا|1397
کفرا,فرآورده‌های نسوز ایران,1397,1398,0,0,0,1,1,1,,کفرا|1397,کفرا|1398
کفرا,فرآورده‌های نسوز ایران,1398,1399,0,0,0,1,1,1,,کفرا|1398,کفرا|1399
کفرا,فرآورده‌های نسوز ایران,1399,1400,0,0,0,1,1,1,,کفرا|1399,کفرا|1400
کفرا,فرآورده‌های نسوز ایران,1400,1401,0,0,0,1,1,1,,کفرا|1400,کفرا|1401
کفرا,فرآورده‌های نسوز ایران,1401,1402,0,0,0,1,1,1,,کفرا|1401,کفرا|1402
غشهد,شهد ایران,1392,1393,0,0,1,1,1,1,,غشهد|1392,غشهد|1393
غشهد,شهد ایران,1393,1394,1,1,1,1,1,1,,غشهد|1393,غشهد|1394
غشهد,شهد ایران,1394,1395,1,1,1,1,1,1,,غشهد|1394,غشهد|1395
غشهد,شهد ایران,1395,1396,1,1,1,1,1,1,,غشهد|1395,غشهد|1396
غشهد,شهد ایران,1396,1397,0,0,0,1,1,1,,غشهد|1396,غشهد|1397
غشهد,شهد ایران,1397,1398,0,0,0,1,1,1,,غشهد|1397,غشهد|1398
غشهد,شهد ایران,1398,1399,0,0,0,1,1,1,,غشهد|1398,غشهد|1399
غشهد,شهد ایران,1399,1400,0,0,0,1,1,1,,غشهد|1399,غشهد|1400
غشهد,شهد ایران,1400,1401,0,0,0,1,1,1,,غشهد|1400,غشهد|1401
غشهد,شهد ایران,1401,1402,0,0,0,1,1,1,,غشهد|1401,غشهد|1402
غشان,شیر پاستوریزه پگاه خراسان,1392,1393,0,0,0,1,1,1,,غشان|1392,غشان|1393
غشان,شیر پاستوریزه پگاه خراسان,1393,1394,0,0,0,1,1,1,,غشان|1393,غشان|1394
غشان,شیر پاستوریزه پگاه خراسان,1394,1395,0,0,0,1,1,1,,غشان|1394,غشان|1395
غشان,شیر پاستوریزه پگاه خراسان,1395,1396,0,0,0,1,1,1,,غشان|1395,غشان|1396
غشان,شیر پاستوریزه پگاه خراسان,1396,1397,0,0,0,1,1,1,,غشان|1396,غشان|1397
غشان,شیر پاستوریزه پگاه خراسان,1397,1398,0,0,0,1,1,1,,غشان|1397,غشان|1398
غشان,شیر پاستوریزه پگاه خراسان,1398,1399,0,0,0,1,1,1,,غشان|1398,غشان|1399
غشان,شیر پاستوریزه پگاه خراسان,1399,1400,0,0,0,1,1,1,,غشان|1399,غشان|1400
غشان,شیر پاستوریزه پگاه خراسان,1400,1401,0,0,0,1,1,1,,غشان|1400,غشان|1401
غشان,شیر پاستوریزه پگاه خراسان,1401,1402,0,0,0,1,1,1,,غشان|1401,غشان|1402
حکشتی,کشتیرانی جمهوری اسلامی ایران,1392,1393,0,0,0,0,1,0,predictor_not_eligible:unresolved_target,حکشتی|1392,حکشتی|1393
حکشتی,کشتیرانی جمهوری اسلامی ایران,1393,1394,0,0,0,1,1,1,,حکشتی|1393,حکشتی|1394
حکشتی,کشتیرانی جمهوری اسلامی ایران,1394,1395,0,0,0,1,1,1,,حکشتی|1394,حکشتی|1395
حکشتی,کشتیرانی جمهوری اسلامی ایران,1395,1396,0,0,0,1,1,1,,حکشتی|1395,حکشتی|1396
حکشتی,کشتیرانی جمهوری اسلامی ایران,1396,1397,0,0,0,1,1,1,,حکشتی|1396,حکشتی|1397
حکشتی,کشتیرانی جمهوری اسلامی ایران,1397,1398,0,0,0,1,1,1,,حکشتی|1397,حکشتی|1398
حکشتی,کشتیرانی جمهوری اسلامی ایران,1398,1399,0,0,0,1,1,1,,حکشتی|1398,حکشتی|1399
حکشتی,کشتیرانی جمهوری اسلامی ایران,1399,1400,0,0,0,1,1,1,,حکشتی|1399,حکشتی|1400
حکشتی,کشتیرانی جمهوری اسلامی ایران,1400,1401,0,0,0,1,1,1,,حکشتی|1400,حکشتی|1401
حکشتی,کشتیرانی جمهوری اسلامی ایران,1401,1402,0,0,0,1,1,1,,حکشتی|1401,حکشتی|1402
همراه,ارتباطات سیار ایران,1392,1393,,0,,0,0,0,predictor_not_eligible:unresolved_target | target_t+1_missing,همراه|1392,همراه|1393
همراه,ارتباطات سیار ایران,1393,1394,,0,,0,0,0,predictor_not_eligible:unresolved_target | target_t+1_missing,همراه|1393,همراه|1394
همراه,ارتباطات سیار ایران,1394,1395,0,0,0,0,1,0,predictor_not_eligible:unresolved_target,همراه|1394,همراه|1395
همراه,ارتباطات سیار ایران,1395,1396,0,0,0,1,1,1,,همراه|1395,همراه|1396
همراه,ارتباطات سیار ایران,1396,1397,0,0,0,1,1,1,,همراه|1396,همراه|1397
همراه,ارتباطات سیار ایران,1397,1398,0,0,0,1,1,1,,همراه|1397,همراه|1398
همراه,ارتباطات سیار ایران,1398,1399,0,0,0,1,1,1,,همراه|1398,همراه|1399
همراه,ارتباطات سیار ایران,1399,1400,0,0,0,1,1,1,,همراه|1399,همراه|1400
همراه,ارتباطات سیار ایران,1400,1401,0,0,0,1,1,1,,همراه|1400,همراه|1401
همراه,ارتباطات سیار ایران,1401,1402,0,0,0,1,1,1,,همراه|1401,همراه|1402
حپترو,حمل و نقل پتروشیمی,1392,1393,0,0,0,1,1,1,,حپترو|1392,حپترو|1393
حپترو,حمل و نقل پتروشیمی,1393,1394,0,0,0,1,1,1,,حپترو|1393,حپترو|1394
حپترو,حمل و نقل پتروشیمی,1394,1395,0,0,0,1,1,1,,حپترو|1394,حپترو|1395
حپترو,حمل و نقل پتروشیمی,1395,1396,0,0,0,1,1,1,,حپترو|1395,حپترو|1396
حپترو,حمل و نقل پتروشیمی,1396,1397,0,0,0,1,1,1,,حپترو|1396,حپترو|1397
حپترو,حمل و نقل پتروشیمی,1397,1398,0,0,0,1,1,1,,حپترو|1397,حپترو|1398
حپترو,حمل و نقل پتروشیمی,1398,1399,0,0,0,1,1,1,,حپترو|1398,حپترو|1399
حپترو,حمل و نقل پتروشیمی,1399,1400,0,0,0,1,1,1,,حپترو|1399,حپترو|1400
حپترو,حمل و نقل پتروشیمی,1400,1401,0,0,0,1,1,1,,حپترو|1400,حپترو|1401
حپترو,حمل و نقل پتروشیمی,1401,1402,0,0,0,1,1,1,,حپترو|1401,حپترو|1402
های وب,داده گستر عصر نوین,1392,1393,0,0,0,1,1,1,,های وب|1392,های وب|1393
های وب,داده گستر عصر نوین,1393,1394,0,0,0,1,1,1,,های وب|1393,های وب|1394
های وب,داده گستر عصر نوین,1394,1395,0,0,0,1,1,1,,های وب|1394,های وب|1395
های وب,داده گستر عصر نوین,1395,1396,0,0,0,1,1,1,,های وب|1395,های وب|1396
های وب,داده گستر عصر نوین,1396,1397,0,0,0,1,1,1,,های وب|1396,های وب|1397
های وب,داده گستر عصر نوین,1397,1398,0,0,0,1,1,1,,های وب|1397,های وب|1398
های وب,داده گستر عصر نوین,1398,1399,0,0,0,1,1,1,,های وب|1398,های وب|1399
های وب,داده گستر عصر نوین,1399,1400,0,0,0,1,1,1,,های وب|1399,های وب|1400
های وب,داده گستر عصر نوین,1400,1401,0,0,0,1,1,1,,های وب|1400,های وب|1401
های وب,داده گستر عصر نوین,1401,1402,0,0,0,1,1,1,,های وب|1401,های وب|1402
جم,شرکت پتروشیمی جم,1393,1394,0,0,0,1,1,1,,جم|1393,جم|1394
جم,شرکت پتروشیمی جم,1394,1395,0,0,0,1,1,1,,جم|1394,جم|1395
جم,شرکت پتروشیمی جم,1395,1396,0,0,0,1,1,1,,جم|1395,جم|1396
جم,شرکت پتروشیمی جم,1396,1397,0,0,0,1,1,1,,جم|1396,جم|1397
جم,شرکت پتروشیمی جم,1397,1398,0,0,0,1,1,1,,جم|1397,جم|1398
جم,شرکت پتروشیمی جم,1398,1399,0,0,0,1,1,1,,جم|1398,جم|1399
جم,شرکت پتروشیمی جم,1399,1400,0,0,0,1,1,1,,جم|1399,جم|1400
جم,شرکت پتروشیمی جم,1400,1401,0,0,0,1,1,1,,جم|1400,جم|1401
جم,شرکت پتروشیمی جم,1401,1402,0,0,0,1,1,1,,جم|1401,جم|1402
جم پیلن,شرکت پلی پروپیلن جم,1397,1398,0,0,0,1,1,1,,جم پیلن|1397,جم پیلن|1398
جم پیلن,شرکت پلی پروپیلن جم,1398,1399,0,0,0,1,1,1,,جم پیلن|1398,جم پیلن|1399
جم پیلن,شرکت پلی پروپیلن جم,1399,1400,0,0,0,1,1,1,,جم پیلن|1399,جم پیلن|1400
جم پیلن,شرکت پلی پروپیلن جم,1400,1401,0,0,0,1,1,1,,جم پیلن|1400,جم پیلن|1401
جم پیلن,شرکت پلی پروپیلن جم,1401,1402,0,0,0,1,1,1,,جم پیلن|1401,جم پیلن|1402
کفپارس,فرآورده‌های نسوز پارس,1392,1393,1,1,1,1,1,1,,کفپارس|1392,کفپارس|1393
کفپارس,فرآورده‌های نسوز پارس,1393,1394,0,0,0,1,1,1,,کفپارس|1393,کفپارس|1394
کفپارس,فرآورده‌های نسوز پارس,1394,1395,0,0,0,1,1,1,,کفپارس|1394,کفپارس|1395
کفپارس,فرآورده‌های نسوز پارس,1395,1396,1,0,1,1,1,1,,کفپارس|1395,کفپارس|1396
کفپارس,فرآورده‌های نسوز پارس,1396,1397,0,0,0,1,1,1,,کفپارس|1396,کفپارس|1397
کفپارس,فرآورده‌های نسوز پارس,1397,1398,0,0,0,1,1,1,,کفپارس|1397,کفپارس|1398
کفپارس,فرآورده‌های نسوز پارس,1398,1399,0,0,0,1,1,1,,کفپارس|1398,کفپارس|1399
کفپارس,فرآورده‌های نسوز پارس,1399,1400,0,0,0,1,1,1,,کفپارس|1399,کفپارس|1400
کفپارس,فرآورده‌های نسوز پارس,1400,1401,0,0,0,1,1,1,,کفپارس|1400,کفپارس|1401
کفپارس,فرآورده‌های نسوز پارس,1401,1402,0,0,0,1,1,1,,کفپارس|1401,کفپارس|1402
کاوه,فولاد کاوه جنوب کیش,1393,1394,0,0,0,1,1,1,,کاوه|1393,کاوه|1394
کاوه,فولاد کاوه جنوب کیش,1394,1395,0,0,0,1,1,1,,کاوه|1394,کاوه|1395
کاوه,فولاد کاوه جنوب کیش,1395,1396,0,0,0,1,1,1,,کاوه|1395,کاوه|1396
کاوه,فولاد کاوه جنوب کیش,1396,1397,0,0,0,1,1,1,,کاوه|1396,کاوه|1397
کاوه,فولاد کاوه جنوب کیش,1397,1398,0,0,0,1,1,1,,کاوه|1397,کاوه|1398
کاوه,فولاد کاوه جنوب کیش,1398,1399,0,0,0,0,1,0,predictor_not_eligible:consolidated_or_unresolved_statement,کاوه|1398,کاوه|1399
کاوه,فولاد کاوه جنوب کیش,1399,1400,0,0,0,0,1,0,predictor_not_eligible:consolidated_or_unresolved_statement,کاوه|1399,کاوه|1400
کاوه,فولاد کاوه جنوب کیش,1400,1401,0,0,0,0,1,0,predictor_not_eligible:consolidated_or_unresolved_statement,کاوه|1400,کاوه|1401
کاوه,فولاد کاوه جنوب کیش,1401,1402,0,0,0,0,1,0,predictor_not_eligible:consolidated_or_unresolved_statement,کاوه|1401,کاوه|1402
کبافق,معادن بافق,1392,1393,0,0,0,1,1,1,,کبافق|1392,کبافق|1393
کبافق,معادن بافق,1393,1394,0,0,0,1,1,1,,کبافق|1393,کبافق|1394
کبافق,معادن بافق,1394,1395,0,0,0,1,1,1,,کبافق|1394,کبافق|1395
کبافق,معادن بافق,1395,1396,0,0,0,1,1,1,,کبافق|1395,کبافق|1396
کبافق,معادن بافق,1396,1397,0,0,0,1,1,1,,کبافق|1396,کبافق|1397
کبافق,معادن بافق,1397,1398,0,0,0,1,1,1,,کبافق|1397,کبافق|1398
کبافق,معادن بافق,1398,1399,0,0,0,1,1,1,,کبافق|1398,کبافق|1399
کبافق,معادن بافق,1399,1400,0,0,0,1,1,1,,کبافق|1399,کبافق|1400
کبافق,معادن بافق,1400,1401,0,0,0,1,1,1,,کبافق|1400,کبافق|1401
کبافق,معادن بافق,1401,1402,0,0,0,1,1,1,,کبافق|1401,کبافق|1402
کگاز,شیشه و گاز,1392,1393,0,0,0,1,1,1,,کگاز|1392,کگاز|1393
کگاز,شیشه و گاز,1393,1394,0,0,0,1,1,1,,کگاز|1393,کگاز|1394
کگاز,شیشه و گاز,1394,1395,1,1,1,1,1,1,,کگاز|1394,کگاز|1395
کگاز,شیشه و گاز,1395,1396,0,0,0,1,1,1,,کگاز|1395,کگاز|1396
کگاز,شیشه و گاز,1396,1397,0,0,0,1,1,1,,کگاز|1396,کگاز|1397
کگاز,شیشه و گاز,1397,1398,0,0,0,1,1,1,,کگاز|1397,کگاز|1398
کگاز,شیشه و گاز,1398,1399,0,0,0,1,1,1,,کگاز|1398,کگاز|1399
کگاز,شیشه و گاز,1399,1400,0,0,0,1,1,1,,کگاز|1399,کگاز|1400
کگاز,شیشه و گاز,1400,1401,0,0,0,1,1,1,,کگاز|1400,کگاز|1401
کگاز,شیشه و گاز,1401,1402,0,0,0,1,1,1,,کگاز|1401,کگاز|1402
کگل,معدنی و صنعتی گل گهر,1392,1393,0,0,0,1,1,1,,کگل|1392,کگل|1393
کگل,معدنی و صنعتی گل گهر,1393,1394,0,0,0,1,1,1,,کگل|1393,کگل|1394
کگل,معدنی و صنعتی گل گهر,1394,1395,0,0,0,1,1,1,,کگل|1394,کگل|1395
کگل,معدنی و صنعتی گل گهر,1395,1396,0,0,0,1,1,1,,کگل|1395,کگل|1396
کگل,معدنی و صنعتی گل گهر,1396,1397,0,0,0,1,1,1,,کگل|1396,کگل|1397
کگل,معدنی و صنعتی گل گهر,1397,1398,0,0,0,1,1,1,,کگل|1397,کگل|1398
کگل,معدنی و صنعتی گل گهر,1398,1399,0,0,0,1,1,1,,کگل|1398,کگل|1399
کگل,معدنی و صنعتی گل گهر,1399,1400,0,0,0,1,1,1,,کگل|1399,کگل|1400
کگل,معدنی و صنعتی گل گهر,1400,1401,0,0,0,1,1,1,,کگل|1400,کگل|1401
کگل,معدنی و صنعتی گل گهر,1401,1402,0,0,0,1,1,1,,کگل|1401,کگل|1402
خاذین,سایپا آذین,1392,1393,1,1,1,1,1,1,,خاذین|1392,خاذین|1393
خاذین,سایپا آذین,1393,1394,0,0,1,1,1,1,,خاذین|1393,خاذین|1394
خاذین,سایپا آذین,1394,1395,0,0,0,1,1,1,,خاذین|1394,خاذین|1395
خاذین,سایپا آذین,1395,1396,0,0,0,1,1,1,,خاذین|1395,خاذین|1396
خاذین,سایپا آذین,1396,1397,0,0,0,1,1,1,,خاذین|1396,خاذین|1397
خاذین,سایپا آذین,1397,1398,0,0,1,1,1,1,,خاذین|1397,خاذین|1398
خاذین,سایپا آذین,1398,1399,0,0,0,1,1,1,,خاذین|1398,خاذین|1399
خاذین,سایپا آذین,1399,1400,0,0,0,1,1,1,,خاذین|1399,خاذین|1400
خاذین,سایپا آذین,1400,1401,0,0,0,1,1,1,,خاذین|1400,خاذین|1401
خاذین,طراحی و ساخت قطعات داخلی خودرو سایپا آذین,1401,1402,0,0,0,1,1,1,,خاذین|1401,خاذین|1402
خچرخش,چرخشگر,1392,1393,0,0,0,1,1,1,,خچرخش|1392,خچرخش|1393
خچرخش,چرخشگر,1393,1394,0,0,0,1,1,1,,خچرخش|1393,خچرخش|1394
خچرخش,چرخشگر,1394,1395,0,0,0,1,1,1,,خچرخش|1394,خچرخش|1395
خچرخش,چرخشگر,1395,1396,0,0,0,1,1,1,,خچرخش|1395,خچرخش|1396
خچرخش,چرخشگر,1396,1397,0,0,0,1,1,1,,خچرخش|1396,خچرخش|1397
خچرخش,چرخشگر,1397,1398,0,0,0,1,1,1,,خچرخش|1397,خچرخش|1398
خچرخش,چرخشگر,1398,1399,0,0,0,1,1,1,,خچرخش|1398,خچرخش|1399
خچرخش,چرخشگر,1399,1400,0,0,0,1,1,1,,خچرخش|1399,خچرخش|1400
خچرخش,چرخشگر,1400,1401,0,0,0,1,1,1,,خچرخش|1400,خچرخش|1401
خچرخش,چرخشگر,1401,1402,0,0,0,1,1,1,,خچرخش|1401,خچرخش|1402
خبهمن,گروه بهمن,1392,1393,1,1,1,1,1,1,,خبهمن|1392,خبهمن|1393
خبهمن,گروه بهمن,1393,1394,1,1,1,1,1,1,,خبهمن|1393,خبهمن|1394
خبهمن,گروه بهمن,1394,1395,1,1,1,1,1,1,,خبهمن|1394,خبهمن|1395
خبهمن,گروه بهمن,1395,1396,0,0,0,1,1,1,,خبهمن|1395,خبهمن|1396
خبهمن,گروه بهمن,1396,1397,0,0,0,1,1,1,,خبهمن|1396,خبهمن|1397
خبهمن,گروه بهمن,1397,1398,0,0,0,1,1,1,,خبهمن|1397,خبهمن|1398
خبهمن,گروه بهمن,1398,1399,0,0,0,1,1,1,,خبهمن|1398,خبهمن|1399
خبهمن,گروه بهمن,1399,1400,0,0,0,1,1,1,,خبهمن|1399,خبهمن|1400
خبهمن,گروه بهمن,1400,1401,0,0,0,1,1,1,,خبهمن|1400,خبهمن|1401
خبهمن,گروه بهمن,1401,1402,0,0,0,1,1,1,,خبهمن|1401,خبهمن|1402
خکمک,کمک فنر ایندامین,1392,1393,1,1,1,1,1,1,,خکمک|1392,خکمک|1393
خکمک,کمک فنر ایندامین,1393,1394,0,0,1,1,1,1,,خکمک|1393,خکمک|1394
خکمک,کمک فنر ایندامین,1394,1395,0,0,1,1,1,1,,خکمک|1394,خکمک|1395
خکمک,کمک فنر ایندامین,1395,1396,0,0,0,1,1,1,,خکمک|1395,خکمک|1396
خکمک,کمک فنر ایندامین,1396,1397,0,0,0,1,1,1,,خکمک|1396,خکمک|1397
خکمک,کمک فنر ایندامین,1397,1398,0,0,0,1,1,1,,خکمک|1397,خکمک|1398
خکمک,کمک فنر ایندامین,1398,1399,0,0,0,1,1,1,,خکمک|1398,خکمک|1399
خکمک,کمک فنر ایندامین,1399,1400,0,0,0,1,1,1,,خکمک|1399,خکمک|1400
خکمک,کمک فنر ایندامین,1400,1401,0,0,0,1,1,1,,خکمک|1400,خکمک|1401
خکمک,کمک فنر ایندامین,1401,1402,0,0,0,1,1,1,,خکمک|1401,خکمک|1402
خمهر,مهرکام پارس,1392,1393,0,0,0,1,1,1,,خمهر|1392,خمهر|1393
خمهر,مهرکام پارس,1393,1394,0,0,0,1,1,1,,خمهر|1393,خمهر|1394
خمهر,مهرکام پارس,1394,1395,1,0,1,1,1,1,,خمهر|1394,خمهر|1395
خمهر,مهرکام پارس,1395,1396,1,1,1,1,1,1,,خمهر|1395,خمهر|1396
خمهر,مهرکام پارس,1396,1397,0,0,0,1,1,1,,خمهر|1396,خمهر|1397
خمهر,مهرکام پارس,1397,1398,1,1,1,1,1,1,,خمهر|1397,خمهر|1398
خمهر,مهرکام پارس,1398,1399,0,0,0,1,1,1,,خمهر|1398,خمهر|1399
خمهر,مهرکام پارس,1399,1400,0,0,0,1,1,1,,خمهر|1399,خمهر|1400
خمهر,مهرکام پارس,1400,1401,0,0,0,1,1,1,,خمهر|1400,خمهر|1401
خمهر,مهرکام پارس,1401,1402,0,0,0,1,1,1,,خمهر|1401,خمهر|1402
کهمدا,شیشه همدان,1392,1393,0,0,0,1,1,1,,کهمدا|1392,کهمدا|1393
کهمدا,شیشه همدان,1393,1394,0,0,0,1,1,1,,کهمدا|1393,کهمدا|1394
کهمدا,شیشه همدان,1394,1395,0,0,0,1,1,1,,کهمدا|1394,کهمدا|1395
کهمدا,شیشه همدان,1395,1396,0,0,0,1,1,1,,کهمدا|1395,کهمدا|1396
کهمدا,شیشه همدان,1396,1397,0,0,0,1,1,1,,کهمدا|1396,کهمدا|1397
کهمدا,شیشه همدان,1397,1398,0,0,0,1,1,1,,کهمدا|1397,کهمدا|1398
کهمدا,شیشه همدان,1398,1399,0,0,0,1,1,1,,کهمدا|1398,کهمدا|1399
کهمدا,شیشه همدان,1399,1400,0,0,0,1,1,1,,کهمدا|1399,کهمدا|1400
کهمدا,شیشه همدان,1400,1401,0,0,0,1,1,1,,کهمدا|1400,کهمدا|1401
کهمدا,شیشه همدان,1401,1402,0,0,0,1,1,1,,کهمدا|1401,کهمدا|1402
خمحور,تولید محور خودرو,1392,1393,0,0,0,1,1,1,,خمحور|1392,خمحور|1393
خمحور,تولید محور خودرو,1393,1394,0,0,0,1,1,1,,خمحور|1393,خمحور|1394
خمحور,تولید محور خودرو,1394,1395,0,0,0,1,1,1,,خمحور|1394,خمحور|1395
خمحور,تولید محور خودرو,1395,1396,0,0,0,1,1,1,,خمحور|1395,خمحور|1396
خمحور,تولید محور خودرو,1396,1397,0,0,0,1,1,1,,خمحور|1396,خمحور|1397
خمحور,تولید محور خودرو,1397,1398,0,0,0,1,1,1,,خمحور|1397,خمحور|1398
خمحور,تولید محور خودرو,1398,1399,0,0,0,1,1,1,,خمحور|1398,خمحور|1399
خمحور,تولید محور خودرو,1399,1400,0,0,0,1,1,1,,خمحور|1399,خمحور|1400
خمحور,تولید محور خودرو,1400,1401,0,0,0,1,1,1,,خمحور|1400,خمحور|1401
خمحور,تولید محور خودرو,1401,1402,0,0,0,1,1,1,,خمحور|1401,خمحور|1402
خنصیر,مهندسی نصیر ماشین,1392,1393,1,1,1,1,1,1,,خنصیر|1392,خنصیر|1393
خنصیر,مهندسی نصیر ماشین,1393,1394,1,1,1,1,1,1,,خنصیر|1393,خنصیر|1394
خنصیر,مهندسی نصیر ماشین,1394,1395,1,1,1,1,1,1,,خنصیر|1394,خنصیر|1395
خنصیر,مهندسی نصیر ماشین,1395,1396,1,1,1,1,1,1,,خنصیر|1395,خنصیر|1396
خنصیر,مهندسی نصیر ماشین,1396,1397,1,1,1,1,1,1,,خنصیر|1396,خنصیر|1397
خنصیر,مهندسی نصیر ماشین,1397,1398,0,0,0,1,1,1,,خنصیر|1397,خنصیر|1398
خنصیر,مهندسی نصیر ماشین,1398,1399,0,0,0,1,1,1,,خنصیر|1398,خنصیر|1399
خنصیر,مهندسی نصیر ماشین,1399,1400,0,0,0,1,1,1,,خنصیر|1399,خنصیر|1400
خنصیر,مهندسی نصیر ماشین,1400,1401,0,0,0,1,1,1,,خنصیر|1400,خنصیر|1401
خنصیر,مهندسی نصیر ماشین,1401,1402,0,0,0,1,1,1,,خنصیر|1401,خنصیر|1402
خوساز,محورسازان ایران خودرو,1393,1394,0,0,0,1,1,1,,خوساز|1393,خوساز|1394
خوساز,محورسازان ایران خودرو,1394,1395,1,0,1,1,1,1,,خوساز|1394,خوساز|1395
خوساز,محورسازان ایران خودرو,1395,1396,1,1,1,1,1,1,,خوساز|1395,خوساز|1396
خوساز,محورسازان ایران خودرو,1396,1397,0,0,1,1,1,1,,خوساز|1396,خوساز|1397
خوساز,محورسازان ایران خودرو,1397,1398,0,0,1,1,1,1,,خوساز|1397,خوساز|1398
خوساز,محورسازان ایران خودرو,1398,1399,0,0,0,1,1,1,,خوساز|1398,خوساز|1399
خوساز,محورسازان ایران خودرو,1399,1400,0,0,0,1,1,1,,خوساز|1399,خوساز|1400
خوساز,محورسازان ایران خودرو,1400,1401,0,0,0,1,1,1,,خوساز|1400,خوساز|1401
خوساز,محورسازان ایران خودرو,1401,1402,0,0,0,1,1,1,,خوساز|1401,خوساز|1402
خرینگ,رینگ سازی مشهد,1392,1393,0,0,0,1,1,1,,خرینگ|1392,خرینگ|1393
خرینگ,رینگ سازی مشهد,1393,1394,1,1,1,1,1,1,,خرینگ|1393,خرینگ|1394
خرینگ,رینگ سازی مشهد,1394,1395,1,0,1,1,1,1,,خرینگ|1394,خرینگ|1395
خرینگ,رینگ سازی مشهد,1395,1396,0,0,1,1,1,1,,خرینگ|1395,خرینگ|1396
خرینگ,رینگ سازی مشهد,1396,1397,0,0,0,1,1,1,,خرینگ|1396,خرینگ|1397
خرینگ,رینگ سازی مشهد,1397,1398,0,0,0,1,1,1,,خرینگ|1397,خرینگ|1398
خرینگ,رینگ سازی مشهد,1398,1399,0,0,0,1,1,1,,خرینگ|1398,خرینگ|1399
خرینگ,رینگ سازی مشهد,1399,1400,0,0,0,1,1,1,,خرینگ|1399,خرینگ|1400
خرینگ,رینگ سازی مشهد,1400,1401,0,0,0,1,1,1,,خرینگ|1400,خرینگ|1401
خرینگ,رینگ سازی مشهد,1401,1402,0,0,0,1,1,1,,خرینگ|1401,خرینگ|1402
ختوقا,گروه صنعتی قطعات اتومبیل ایران,1392,1393,1,1,1,1,1,1,,ختوقا|1392,ختوقا|1393
ختوقا,گروه صنعتی قطعات اتومبیل ایران,1393,1394,1,1,1,1,1,1,,ختوقا|1393,ختوقا|1394
ختوقا,گروه صنعتی قطعات اتومبیل ایران,1394,1395,1,1,1,1,1,1,,ختوقا|1394,ختوقا|1395
ختوقا,گروه صنعتی قطعات اتومبیل ایران,1395,1396,1,1,1,1,1,1,,ختوقا|1395,ختوقا|1396
ختوقا,گروه صنعتی قطعات اتومبیل ایران,1396,1397,1,1,1,1,1,1,,ختوقا|1396,ختوقا|1397
ختوقا,گروه صنعتی قطعات اتومبیل ایران,1397,1398,0,0,0,1,1,1,,ختوقا|1397,ختوقا|1398
ختوقا,گروه صنعتی قطعات اتومبیل ایران,1398,1399,0,0,0,1,1,1,,ختوقا|1398,ختوقا|1399
ختوقا,گروه صنعتی قطعات اتومبیل ایران,1399,1400,0,0,0,1,1,1,,ختوقا|1399,ختوقا|1400
ختوقا,گروه صنعتی قطعات اتومبیل ایران,1400,1401,0,0,0,1,1,1,,ختوقا|1400,ختوقا|1401
ختوقا,گروه صنعتی قطعات اتومبیل ایران,1401,1402,0,0,0,1,1,1,,ختوقا|1401,ختوقا|1402
خوساز,محورسازان ایران خودرو,1392,1393,0,0,0,1,1,1,,خوساز|1392,خوساز|1393
کیمیاتک,شرکت آریان کیمیاتک,1399,1400,0,0,0,1,1,1,,کیمیاتک|1399,کیمیاتک|1400
کیمیاتک,شرکت آریان کیمیاتک,1400,1401,0,0,0,1,1,1,,کیمیاتک|1400,کیمیاتک|1401
کیمیاتک,شرکت آریان کیمیاتک,1401,1402,0,0,0,1,1,1,,کیمیاتک|1401,کیمیاتک|1402
کرازی,کارخانجات تولیدی شیشه دارویی رازی,1392,1393,0,0,0,1,1,1,,کرازی|1392,کرازی|1393
کرازی,کارخانجات تولیدی شیشه دارویی رازی,1393,1394,0,0,0,1,1,1,,کرازی|1393,کرازی|1394
کرازی,کارخانجات تولیدی شیشه دارویی رازی,1394,1395,0,0,0,1,1,1,,کرازی|1394,کرازی|1395
کرازی,کارخانجات تولیدی شیشه دارویی رازی,1395,1396,0,0,0,1,1,1,,کرازی|1395,کرازی|1396
کرازی,کارخانجات تولیدی شیشه دارویی رازی,1396,1397,0,0,0,1,1,1,,کرازی|1396,کرازی|1397
کرازی,کارخانجات تولیدی شیشه دارویی رازی,1397,1398,0,0,0,1,1,1,,کرازی|1397,کرازی|1398
کرازی,کارخانجات تولیدی شیشه دارویی رازی,1398,1399,0,0,0,1,1,1,,کرازی|1398,کرازی|1399
کرازی,کارخانجات تولیدی شیشه دارویی رازی,1399,1400,0,0,0,1,1,1,,کرازی|1399,کرازی|1400
کرازی,کارخانجات تولیدی شیشه دارویی رازی,1400,1401,0,0,0,1,1,1,,کرازی|1400,کرازی|1401
کرازی,کارخانجات تولیدی شیشه دارویی رازی,1401,1402,0,0,0,1,1,1,,کرازی|1401,کرازی|1402
کروی,توسعه معادن روی ایران,1392,1393,0,0,0,0,1,0,predictor_not_eligible:financial_industry,کروی|1392,کروی|1393
کروی,توسعه معادن روی ایران,1393,1394,0,0,0,0,1,0,predictor_not_eligible:financial_industry,کروی|1393,کروی|1394
کروی,توسعه معادن روی ایران,1394,1395,0,0,0,0,1,0,predictor_not_eligible:financial_industry,کروی|1394,کروی|1395
کروی,توسعه معادن روی ایران,1395,1396,0,0,0,0,1,0,predictor_not_eligible:financial_industry,کروی|1395,کروی|1396
کروی,توسعه معادن روی ایران,1396,1397,0,0,0,0,1,0,predictor_not_eligible:financial_industry,کروی|1396,کروی|1397
کروی,توسعه معادن روی ایران,1397,1398,0,0,0,0,1,0,predictor_not_eligible:financial_industry,کروی|1397,کروی|1398
کروی,توسعه معادن روی ایران,1398,1399,0,0,0,0,1,0,predictor_not_eligible:financial_industry,کروی|1398,کروی|1399
کروی,توسعه معادن روی ایران,1399,1400,0,0,0,0,1,0,predictor_not_eligible:financial_industry,کروی|1399,کروی|1400
کروی,توسعه معادن روی ایران,1400,1401,0,0,0,0,1,0,predictor_not_eligible:financial_industry,کروی|1400,کروی|1401
کروی,توسعه معادن روی ایران,1401,1402,0,0,0,0,1,0,predictor_not_eligible:financial_industry,کروی|1401,کروی|1402
پارسان,شرکت گسترش نفت و گاز پارسیان,1393,1394,0,0,0,1,1,1,,پارسان|1393,پارسان|1394
پارسان,شرکت گسترش نفت و گاز پارسیان,1394,1395,0,0,0,1,1,1,,پارسان|1394,پارسان|1395
پارسان,شرکت گسترش نفت و گاز پارسیان,1395,1396,0,0,0,1,1,1,,پارسان|1395,پارسان|1396
پارسان,شرکت گسترش نفت و گاز پارسیان,1396,1397,0,0,0,1,1,1,,پارسان|1396,پارسان|1397
پارسان,شرکت گسترش نفت و گاز پارسیان,1397,1398,0,0,0,1,1,1,,پارسان|1397,پارسان|1398
پارسان,شرکت گسترش نفت و گاز پارسیان,1398,1399,0,0,0,1,1,1,,پارسان|1398,پارسان|1399
پارسان,شرکت گسترش نفت و گاز پارسیان,1399,1400,0,0,0,1,1,1,,پارسان|1399,پارسان|1400
پارسان,شرکت گسترش نفت و گاز پارسیان,1400,1401,0,0,0,1,1,1,,پارسان|1400,پارسان|1401
پارسان,شرکت گسترش نفت و گاز پارسیان,1401,1402,0,0,0,1,1,1,,پارسان|1401,پارسان|1402
پسهند,صنایع لاستیکی سهند,1393,1394,0,0,0,1,1,1,,پسهند|1393,پسهند|1394
پسهند,صنایع لاستیکی سهند,1394,1395,0,0,0,0,1,0,predictor_not_eligible:consolidated_or_unresolved_statement,پسهند|1394,پسهند|1395
پسهند,صنایع لاستیکی سهند,1395,1396,0,0,0,0,1,0,predictor_not_eligible:consolidated_or_unresolved_statement,پسهند|1395,پسهند|1396
پسهند,صنایع لاستیکی سهند,1396,1397,0,0,0,0,1,0,predictor_not_eligible:consolidated_or_unresolved_statement,پسهند|1396,پسهند|1397
پسهند,صنایع لاستیکی سهند,1397,1398,0,0,0,0,1,0,predictor_not_eligible:consolidated_or_unresolved_statement,پسهند|1397,پسهند|1398
پسهند,صنایع لاستیکی سهند,1398,1399,0,0,0,0,1,0,predictor_not_eligible:consolidated_or_unresolved_statement,پسهند|1398,پسهند|1399
پسهند,صنایع لاستیکی سهند,1399,1400,0,0,0,0,1,0,predictor_not_eligible:consolidated_or_unresolved_statement,پسهند|1399,پسهند|1400
پسهند,صنایع لاستیکی سهند,1400,1401,0,0,0,0,1,0,predictor_not_eligible:consolidated_or_unresolved_statement,پسهند|1400,پسهند|1401
پسهند,صنایع لاستیکی سهند,1401,1402,0,0,0,1,1,1,,پسهند|1401,پسهند|1402
کویر,شرکت تولیدی فولاد سپید فراب کویر,1393,1394,,,,0,0,0,predictor_not_eligible:pre_listing | unresolved_target | target_t+1_missing,کویر|1393,کویر|1394
کویر,شرکت تولیدی فولاد سپید فراب کویر,1394,1395,,,,0,0,0,predictor_not_eligible:pre_listing | unresolved_target | target_t+1_missing,کویر|1394,کویر|1395
کویر,شرکت تولیدی فولاد سپید فراب کویر,1395,1396,,,,0,0,0,predictor_not_eligible:pre_listing | unresolved_target | target_t+1_missing,کویر|1395,کویر|1396
کویر,شرکت تولیدی فولاد سپید فراب کویر,1396,1397,0,0,,0,1,0,predictor_not_eligible:pre_listing | unresolved_target,کویر|1396,کویر|1397
کویر,شرکت تولیدی فولاد سپید فراب کویر,1397,1398,0,0,0,0,1,0,predictor_not_eligible:consolidated_or_unresolved_statement,کویر|1397,کویر|1398
کویر,شرکت تولیدی فولاد سپید فراب کویر,1398,1399,0,0,0,0,1,0,predictor_not_eligible:consolidated_or_unresolved_statement,کویر|1398,کویر|1399
کویر,شرکت تولیدی فولاد سپید فراب کویر,1399,1400,0,0,0,0,1,0,predictor_not_eligible:consolidated_or_unresolved_statement,کویر|1399,کویر|1400
کویر,شرکت تولیدی فولاد سپید فراب کویر,1400,1401,0,0,0,0,1,0,predictor_not_eligible:consolidated_or_unresolved_statement,کویر|1400,کویر|1401
کویر,شرکت تولیدی فولاد سپید فراب کویر,1401,1402,0,0,0,0,1,0,predictor_not_eligible:consolidated_or_unresolved_statement,کویر|1401,کویر|1402
لبوتان,شرکت گروه صنعتی بوتان,1393,1394,0,0,0,1,1,1,,لبوتان|1393,لبوتان|1394
لبوتان,شرکت گروه صنعتی بوتان,1394,1395,0,0,0,1,1,1,,لبوتان|1394,لبوتان|1395
لبوتان,شرکت گروه صنعتی بوتان,1395,1396,0,0,0,1,1,1,,لبوتان|1395,لبوتان|1396
لبوتان,شرکت گروه صنعتی بوتان,1396,1397,0,0,0,1,1,1,,لبوتان|1396,لبوتان|1397
لبوتان,شرکت گروه صنعتی بوتان,1397,1398,1,0,1,1,1,1,,لبوتان|1397,لبوتان|1398
لبوتان,شرکت گروه صنعتی بوتان,1398,1399,1,0,1,1,1,1,,لبوتان|1398,لبوتان|1399
لبوتان,شرکت گروه صنعتی بوتان,1399,1400,1,0,1,1,1,1,,لبوتان|1399,لبوتان|1400
لبوتان,شرکت گروه صنعتی بوتان,1400,1401,1,0,1,1,1,1,,لبوتان|1400,لبوتان|1401
لبوتان,شرکت گروه صنعتی بوتان,1401,1402,0,0,0,1,1,1,,لبوتان|1401,لبوتان|1402
لابسا,شرکت آبسال,1393,1394,0,0,0,1,1,1,,لابسا|1393,لابسا|1394
لابسا,شرکت آبسال,1394,1395,0,0,0,1,1,1,,لابسا|1394,لابسا|1395
لابسا,شرکت آبسال,1395,1396,1,0,1,1,1,1,,لابسا|1395,لابسا|1396
لابسا,شرکت آبسال,1396,1397,0,0,0,1,1,1,,لابسا|1396,لابسا|1397
لابسا,شرکت آبسال,1397,1398,0,0,0,1,1,1,,لابسا|1397,لابسا|1398
لابسا,شرکت آبسال,1398,1399,0,0,0,1,1,1,,لابسا|1398,لابسا|1399
لابسا,شرکت آبسال,1399,1400,0,0,0,1,1,1,,لابسا|1399,لابسا|1400
لابسا,شرکت آبسال,1400,1401,0,0,0,1,1,1,,لابسا|1400,لابسا|1401
لابسا,شرکت آبسال,1401,1402,0,0,0,1,1,1,,لابسا|1401,لابسا|1402
لسرما,شرکت صنایع سرماآفرین ایران,1393,1394,0,0,0,1,1,1,,لسرما|1393,لسرما|1394
لسرما,شرکت صنایع سرماآفرین ایران,1394,1395,0,0,0,1,1,1,,لسرما|1394,لسرما|1395
لسرما,شرکت صنایع سرماآفرین ایران,1395,1396,0,0,0,1,1,1,,لسرما|1395,لسرما|1396
لسرما,شرکت صنایع سرماآفرین ایران,1396,1397,0,0,0,1,1,1,,لسرما|1396,لسرما|1397
لسرما,شرکت صنایع سرماآفرین ایران,1397,1398,0,0,0,1,1,1,,لسرما|1397,لسرما|1398
لسرما,شرکت صنایع سرماآفرین ایران,1398,1399,0,0,0,1,1,1,,لسرما|1398,لسرما|1399
لسرما,شرکت صنایع سرماآفرین ایران,1399,1400,0,0,0,1,1,1,,لسرما|1399,لسرما|1400
لسرما,شرکت صنایع سرماآفرین ایران,1400,1401,0,0,0,1,1,1,,لسرما|1400,لسرما|1401
لسرما,شرکت صنایع سرماآفرین ایران,1401,1402,0,0,0,1,1,1,,لسرما|1401,لسرما|1402
لخزر,شرکت صنعتی پارس خزر,1393,1394,1,0,1,1,1,1,,لخزر|1393,لخزر|1394
لخزر,شرکت صنعتی پارس خزر,1394,1395,0,0,0,1,1,1,,لخزر|1394,لخزر|1395
لخزر,شرکت صنعتی پارس خزر,1395,1396,0,0,0,1,1,1,,لخزر|1395,لخزر|1396
لخزر,شرکت صنعتی پارس خزر,1396,1397,0,0,0,1,1,1,,لخزر|1396,لخزر|1397
لخزر,شرکت صنعتی پارس خزر,1397,1398,0,0,0,1,1,1,,لخزر|1397,لخزر|1398
لخزر,شرکت صنعتی پارس خزر,1398,1399,0,0,0,1,1,1,,لخزر|1398,لخزر|1399
لخزر,شرکت صنعتی پارس خزر,1399,1400,0,0,0,1,1,1,,لخزر|1399,لخزر|1400
لخزر,شرکت صنعتی پارس خزر,1400,1401,0,0,0,1,1,1,,لخزر|1400,لخزر|1401
لخزر,شرکت صنعتی پارس خزر,1401,1402,0,0,0,1,1,1,,لخزر|1401,لخزر|1402
نوری,شرکت پتروشیمی نوری,1393,1394,0,0,0,1,1,1,,نوری|1393,نوری|1394
نوری,شرکت پتروشیمی نوری,1394,1395,0,0,0,1,1,1,,نوری|1394,نوری|1395
نوری,شرکت پتروشیمی نوری,1395,1396,0,0,0,1,1,1,,نوری|1395,نوری|1396
نوری,شرکت پتروشیمی نوری,1396,1397,0,0,0,1,1,1,,نوری|1396,نوری|1397
نوری,شرکت پتروشیمی نوری,1397,1398,0,0,0,1,1,1,,نوری|1397,نوری|1398
نوری,شرکت پتروشیمی نوری,1398,1399,0,0,0,1,1,1,,نوری|1398,نوری|1399
نوری,شرکت پتروشیمی نوری,1399,1400,0,0,0,1,1,1,,نوری|1399,نوری|1400
نوری,شرکت پتروشیمی نوری,1400,1401,0,0,0,1,1,1,,نوری|1400,نوری|1401
نوری,شرکت پتروشیمی نوری,1401,1402,0,0,0,1,1,1,,نوری|1401,نوری|1402
پرداخت,به پرداخت ملت,1394,1395,0,0,0,1,1,1,,پرداخت|1394,پرداخت|1395
پرداخت,به پرداخت ملت,1395,1396,0,0,0,1,1,1,,پرداخت|1395,پرداخت|1396
پرداخت,به پرداخت ملت,1396,1397,0,0,0,1,1,1,,پرداخت|1396,پرداخت|1397
پرداخت,به پرداخت ملت,1397,1398,0,0,0,1,1,1,,پرداخت|1397,پرداخت|1398
پرداخت,به پرداخت ملت,1398,1399,0,0,0,1,1,1,,پرداخت|1398,پرداخت|1399
پرداخت,به پرداخت ملت,1399,1400,0,0,0,1,1,1,,پرداخت|1399,پرداخت|1400
پرداخت,به پرداخت ملت,1400,1401,0,0,0,1,1,1,,پرداخت|1400,پرداخت|1401
پرداخت,به پرداخت ملت,1401,1402,0,0,0,0,1,0,predictor_not_eligible:non_12_month_period,پرداخت|1401,پرداخت|1402
پارس,شرکت پتروشیمی پارس,1396,1397,0,0,0,1,1,1,,پارس|1396,پارس|1397
پارس,شرکت پتروشیمی پارس,1397,1398,0,0,0,1,1,1,,پارس|1397,پارس|1398
پارس,شرکت پتروشیمی پارس,1398,1399,0,0,0,1,1,1,,پارس|1398,پارس|1399
پارس,شرکت پتروشیمی پارس,1399,1400,0,0,0,1,1,1,,پارس|1399,پارس|1400
پارس,شرکت پتروشیمی پارس,1400,1401,0,0,0,1,1,1,,پارس|1400,پارس|1401
پارس,شرکت پتروشیمی پارس,1401,1402,0,0,0,1,1,1,,پارس|1401,پارس|1402
پدرخش,شرکت تولیدی و صنعتی درخشان تهران,1393,1394,0,0,0,1,1,1,,پدرخش|1393,پدرخش|1394
پدرخش,شرکت تولیدی و صنعتی درخشان تهران,1394,1395,0,0,0,1,1,1,,پدرخش|1394,پدرخش|1395
پدرخش,شرکت تولیدی و صنعتی درخشان تهران,1395,1396,0,0,0,1,1,1,,پدرخش|1395,پدرخش|1396
پدرخش,شرکت تولیدی و صنعتی درخشان تهران,1396,1397,0,0,0,1,1,1,,پدرخش|1396,پدرخش|1397
پدرخش,شرکت تولیدی و صنعتی درخشان تهران,1397,1398,0,0,0,1,1,1,,پدرخش|1397,پدرخش|1398
پدرخش,شرکت تولیدی و صنعتی درخشان تهران,1398,1399,0,0,0,1,1,1,,پدرخش|1398,پدرخش|1399
پدرخش,شرکت تولیدی و صنعتی درخشان تهران,1399,1400,0,0,0,1,1,1,,پدرخش|1399,پدرخش|1400
پدرخش,شرکت تولیدی و صنعتی درخشان تهران,1400,1401,0,0,0,1,1,1,,پدرخش|1400,پدرخش|1401
پدرخش,تولیدی و صنعتی درخشان تهران,1401,1402,0,0,0,1,1,1,,پدرخش|1401,پدرخش|1402
پی‌پاد,پرداخت الکترونیک پاسارگاد,1395,1396,0,0,0,1,1,1,,پی‌پاد|1395,پی‌پاد|1396
پی‌پاد,پرداخت الکترونیک پاسارگاد,1396,1397,0,0,0,1,1,1,,پی‌پاد|1396,پی‌پاد|1397
پی‌پاد,پرداخت الکترونیک پاسارگاد,1397,1398,0,0,0,1,1,1,,پی‌پاد|1397,پی‌پاد|1398
پی‌پاد,پرداخت الکترونیک پاسارگاد,1398,1399,0,0,0,1,1,1,,پی‌پاد|1398,پی‌پاد|1399
پی‌پاد,پرداخت الکترونیک پاسارگاد,1399,1400,0,0,0,1,1,1,,پی‌پاد|1399,پی‌پاد|1400
پی‌پاد,پرداخت الکترونیک پاسارگاد,1400,1401,0,0,0,1,1,1,,پی‌پاد|1400,پی‌پاد|1401
پی‌پاد,پرداخت الکترونیک پاسارگاد,1401,1402,0,0,0,0,1,0,predictor_not_eligible:non_12_month_period,پی‌پاد|1401,پی‌پاد|1402
پلاسک,کارخانجات پلاسکوکار سایپا,1393,1394,1,1,1,1,1,1,,پلاسک|1393,پلاسک|1394
پلاسک,کارخانجات پلاسکوکار سایپا,1394,1395,0,0,1,1,1,1,,پلاسک|1394,پلاسک|1395
پلاسک,کارخانجات پلاسکوکار سایپا,1395,1396,0,0,0,1,1,1,,پلاسک|1395,پلاسک|1396
پلاسک,کارخانجات پلاسکوکار سایپا,1396,1397,0,0,0,1,1,1,,پلاسک|1396,پلاسک|1397
پلاسک,کارخانجات پلاسکوکار سایپا,1397,1398,0,0,1,1,1,1,,پلاسک|1397,پلاسک|1398
پلاسک,کارخانجات پلاسکوکار سایپا,1398,1399,0,0,0,1,1,1,,پلاسک|1398,پلاسک|1399
پلاسک,کارخانجات پلاسکوکار سایپا,1399,1400,0,0,0,1,1,1,,پلاسک|1399,پلاسک|1400
پلاسک,کارخانجات پلاسکوکار سایپا,1400,1401,0,0,0,1,1,1,,پلاسک|1400,پلاسک|1401
پلاسک,کارخانجات پلاسکوکار سایپا,1401,1402,0,0,0,1,1,1,,پلاسک|1401,پلاسک|1402
رمپنا,گروه مپنا (سهامی عام),1392,1393,,0,,0,0,0,predictor_not_eligible:unresolved_target | target_t+1_missing,رمپنا|1392,رمپنا|1393
رمپنا,گروه مپنا (سهامی عام),1393,1394,,0,,0,0,0,predictor_not_eligible:unresolved_target | target_t+1_missing,رمپنا|1393,رمپنا|1394
رمپنا,گروه مپنا (سهامی عام),1394,1395,,0,,0,0,0,predictor_not_eligible:unresolved_target | target_t+1_missing,رمپنا|1394,رمپنا|1395
رمپنا,گروه مپنا (سهامی عام),1395,1396,,0,,0,0,0,predictor_not_eligible:unresolved_target | target_t+1_missing,رمپنا|1395,رمپنا|1396
رمپنا,گروه مپنا (سهامی عام),1396,1397,1,0,1,0,1,0,predictor_not_eligible:unresolved_target,رمپنا|1396,رمپنا|1397
رمپنا,گروه مپنا (سهامی عام),1397,1398,0,0,0,1,1,1,,رمپنا|1397,رمپنا|1398
رمپنا,گروه مپنا (سهامی عام),1398,1399,0,0,0,1,1,1,,رمپنا|1398,رمپنا|1399
رمپنا,گروه مپنا (سهامی عام),1399,1400,0,0,0,1,1,1,,رمپنا|1399,رمپنا|1400
رمپنا,گروه مپنا (سهامی عام),1400,1401,0,0,0,1,1,1,,رمپنا|1400,رمپنا|1401
رمپنا,گروه مپنا (سهامی عام),1401,1402,0,0,0,1,1,1,,رمپنا|1401,رمپنا|1402
رانفور,خدمات انفورماتیک,1392,1393,0,0,0,1,1,1,,رانفور|1392,رانفور|1393
رانفور,خدمات انفورماتیک,1393,1394,0,0,0,1,1,1,,رانفور|1393,رانفور|1394
رانفور,خدمات انفورماتیک,1394,1395,0,0,0,1,1,1,,رانفور|1394,رانفور|1395
رانفور,خدمات انفورماتیک,1395,1396,0,0,0,1,1,1,,رانفور|1395,رانفور|1396
رانفور,خدمات انفورماتیک,1396,1397,0,0,0,1,1,1,,رانفور|1396,رانفور|1397
رانفور,خدمات انفورماتیک,1397,1398,0,0,0,1,1,1,,رانفور|1397,رانفور|1398
رانفور,خدمات انفورماتیک,1398,1399,0,0,0,1,1,1,,رانفور|1398,رانفور|1399
رانفور,خدمات انفورماتیک,1399,1400,0,0,0,1,1,1,,رانفور|1399,رانفور|1400
رانفور,خدمات انفورماتیک,1400,1401,0,0,0,1,1,1,,رانفور|1400,رانفور|1401
رانفور,خدمات انفورماتیک,1401,1402,0,0,0,1,1,1,,رانفور|1401,رانفور|1402
سآبیک,سیمان آبیک,1392,1393,,,,1,0,0,target_t+1_missing,سآبیک|1392,سآبیک|1393
سآبیک,سیمان آبیک,1393,1394,,,,0,0,0,predictor_not_eligible:pre_listing | source_not_traceable | unresolved_target | target_t+1_missing,سآبیک|1393,سآبیک|1394
سآبیک,سیمان آبیک,1394,1395,,,,0,0,0,predictor_not_eligible:pre_listing | source_not_traceable | unresolved_target | target_t+1_missing,سآبیک|1394,سآبیک|1395
سآبیک,سیمان آبیک,1395,1396,,,,0,0,0,predictor_not_eligible:pre_listing | source_not_traceable | unresolved_target | target_t+1_missing,سآبیک|1395,سآبیک|1396
سآبیک,سیمان آبیک,1396,1397,0,0,,0,1,0,predictor_not_eligible:pre_listing | source_not_traceable | unresolved_target,سآبیک|1396,سآبیک|1397
سآبیک,سیمان آبیک,1397,1398,0,0,0,1,1,1,,سآبیک|1397,سآبیک|1398
سآبیک,سیمان آبیک,1398,1399,0,0,0,1,1,1,,سآبیک|1398,سآبیک|1399
سآبیک,سیمان آبیک,1399,1400,0,0,0,1,1,1,,سآبیک|1399,سآبیک|1400
سآبیک,سیمان آبیک,1400,1401,0,0,0,1,1,1,,سآبیک|1400,سآبیک|1401
سآبیک,سیمان آبیک,1401,1402,0,0,0,1,1,1,,سآبیک|1401,سآبیک|1402
سبجنو,شرکت سیمان بجنورد,1393,1394,0,0,0,1,1,1,,سبجنو|1393,سبجنو|1394
سبجنو,شرکت سیمان بجنورد,1394,1395,0,0,0,1,1,1,,سبجنو|1394,سبجنو|1395
سبجنو,شرکت سیمان بجنورد,1395,1396,0,0,0,1,1,1,,سبجنو|1395,سبجنو|1396
سبجنو,شرکت سیمان بجنورد,1396,1397,0,0,0,1,1,1,,سبجنو|1396,سبجنو|1397
سبجنو,شرکت سیمان بجنورد,1397,1398,0,0,0,1,1,1,,سبجنو|1397,سبجنو|1398
سبجنو,شرکت سیمان بجنورد,1398,1399,0,0,0,1,1,1,,سبجنو|1398,سبجنو|1399
سبجنو,شرکت سیمان بجنورد,1399,1400,0,0,0,1,1,1,,سبجنو|1399,سبجنو|1400
سبجنو,شرکت سیمان بجنورد,1400,1401,0,0,0,1,1,1,,سبجنو|1400,سبجنو|1401
سبجنو,شرکت سیمان بجنورد,1401,1402,0,0,0,1,1,1,,سبجنو|1401,سبجنو|1402
سفارس,سیمان فارس و خوزستان,1392,1393,0,0,0,1,1,1,,سفارس|1392,سفارس|1393
سفارس,سیمان فارس و خوزستان,1393,1394,0,0,0,1,1,1,,سفارس|1393,سفارس|1394
سفارس,سیمان فارس و خوزستان,1394,1395,0,0,0,1,1,1,,سفارس|1394,سفارس|1395
سفارس,سیمان فارس و خوزستان,1395,1396,0,0,0,1,1,1,,سفارس|1395,سفارس|1396
سفارس,سیمان فارس و خوزستان,1396,1397,0,0,0,1,1,1,,سفارس|1396,سفارس|1397
سفارس,سیمان فارس و خوزستان,1397,1398,0,0,0,1,1,1,,سفارس|1397,سفارس|1398
سفارس,سیمان فارس و خوزستان,1398,1399,0,0,0,1,1,1,,سفارس|1398,سفارس|1399
سفارس,سیمان فارس و خوزستان,1399,1400,0,0,0,1,1,1,,سفارس|1399,سفارس|1400
سفارس,سیمان فارس و خوزستان,1400,1401,0,0,0,1,1,1,,سفارس|1400,سفارس|1401
سفارس,سیمان فارس و خوزستان,1401,1402,0,0,0,1,1,1,,سفارس|1401,سفارس|1402
سهگمت,سیمان هگمتان,1392,1393,0,0,0,1,1,1,,سهگمت|1392,سهگمت|1393
سهگمت,سیمان هگمتان,1393,1394,0,0,0,1,1,1,,سهگمت|1393,سهگمت|1394
سهگمت,سیمان هگمتان,1394,1395,0,0,0,1,1,1,,سهگمت|1394,سهگمت|1395
سهگمت,سیمان هگمتان,1395,1396,0,0,0,1,1,1,,سهگمت|1395,سهگمت|1396
سهگمت,سیمان هگمتان,1396,1397,0,0,0,1,1,1,,سهگمت|1396,سهگمت|1397
سهگمت,سیمان هگمتان,1397,1398,0,0,0,1,1,1,,سهگمت|1397,سهگمت|1398
سهگمت,سیمان هگمتان,1398,1399,0,0,0,1,1,1,,سهگمت|1398,سهگمت|1399
سهگمت,سیمان هگمتان,1399,1400,0,0,0,1,1,1,,سهگمت|1399,سهگمت|1400
سهگمت,سیمان هگمتان,1400,1401,0,0,0,1,1,1,,سهگمت|1400,سهگمت|1401
سهگمت,سیمان هگمتان,1401,1402,0,0,0,1,1,1,,سهگمت|1401,سهگمت|1402
سخاش,شرکت سیمان خاش,1393,1394,0,0,0,1,1,1,,سخاش|1393,سخاش|1394
سخاش,شرکت سیمان خاش,1394,1395,0,0,0,1,1,1,,سخاش|1394,سخاش|1395
سخاش,شرکت سیمان خاش,1395,1396,0,0,0,1,1,1,,سخاش|1395,سخاش|1396
سخاش,شرکت سیمان خاش,1396,1397,0,0,0,1,1,1,,سخاش|1396,سخاش|1397
سخاش,شرکت سیمان خاش,1397,1398,0,0,0,1,1,1,,سخاش|1397,سخاش|1398
سخاش,شرکت سیمان خاش,1398,1399,0,0,0,1,1,1,,سخاش|1398,سخاش|1399
سخاش,شرکت سیمان خاش,1399,1400,0,0,0,1,1,1,,سخاش|1399,سخاش|1400
سخاش,شرکت سیمان خاش,1400,1401,0,0,0,1,1,1,,سخاش|1400,سخاش|1401
سخاش,شرکت سیمان خاش,1401,1402,0,0,0,1,1,1,,سخاش|1401,سخاش|1402
سخوز,سیمان خوزستان,1392,1393,0,0,0,1,1,1,,سخوز|1392,سخوز|1393
سخوز,سیمان خوزستان,1393,1394,0,0,0,1,1,1,,سخوز|1393,سخوز|1394
سخوز,سیمان خوزستان,1394,1395,0,0,0,1,1,1,,سخوز|1394,سخوز|1395
سخوز,سیمان خوزستان,1395,1396,0,0,0,1,1,1,,سخوز|1395,سخوز|1396
سخوز,سیمان خوزستان,1396,1397,0,0,0,1,1,1,,سخوز|1396,سخوز|1397
سخوز,سیمان خوزستان,1397,1398,0,0,0,1,1,1,,سخوز|1397,سخوز|1398
سخوز,سیمان خوزستان,1398,1399,0,0,0,1,1,1,,سخوز|1398,سخوز|1399
سخوز,سیمان خوزستان,1399,1400,0,0,0,1,1,1,,سخوز|1399,سخوز|1400
سخوز,سیمان خوزستان,1400,1401,0,0,0,1,1,1,,سخوز|1400,سخوز|1401
سخوز,سیمان خوزستان,1401,1402,0,0,0,1,1,1,,سخوز|1401,سخوز|1402
سخزر,سیمان خزر,1392,1393,0,0,0,1,1,1,,سخزر|1392,سخزر|1393
سخزر,سیمان خزر,1393,1394,0,0,0,1,1,1,,سخزر|1393,سخزر|1394
سخزر,سیمان خزر,1394,1395,0,0,0,1,1,1,,سخزر|1394,سخزر|1395
سخزر,سیمان خزر,1395,1396,0,0,0,1,1,1,,سخزر|1395,سخزر|1396
سخزر,سیمان خزر,1396,1397,0,0,0,1,1,1,,سخزر|1396,سخزر|1397
سخزر,سیمان خزر,1397,1398,0,0,0,1,1,1,,سخزر|1397,سخزر|1398
سخزر,سیمان خزر,1398,1399,0,0,0,1,1,1,,سخزر|1398,سخزر|1399
سخزر,سیمان خزر,1399,1400,0,0,0,1,1,1,,سخزر|1399,سخزر|1400
سخزر,سیمان خزر,1400,1401,0,0,0,1,1,1,,سخزر|1400,سخزر|1401
سخزر,سیمان خزر,1401,1402,0,0,0,1,1,1,,سخزر|1401,سخزر|1402
سمازن,سیمان مازندران,1392,1393,0,0,0,1,1,1,,سمازن|1392,سمازن|1393
سمازن,سیمان مازندران,1393,1394,0,0,0,1,1,1,,سمازن|1393,سمازن|1394
سمازن,سیمان مازندران,1394,1395,0,0,0,1,1,1,,سمازن|1394,سمازن|1395
سمازن,سیمان مازندران,1395,1396,0,0,0,1,1,1,,سمازن|1395,سمازن|1396
سمازن,سیمان مازندران,1396,1397,0,0,0,1,1,1,,سمازن|1396,سمازن|1397
سمازن,سیمان مازندران,1397,1398,0,0,0,1,1,1,,سمازن|1397,سمازن|1398
سمازن,سیمان مازندران,1398,1399,0,0,0,1,1,1,,سمازن|1398,سمازن|1399
سمازن,سیمان مازندران,1399,1400,0,0,0,1,1,1,,سمازن|1399,سمازن|1400
سمازن,سیمان مازندران,1400,1401,0,0,0,1,1,1,,سمازن|1400,سمازن|1401
سمازن,سیمان مازندران,1401,1402,0,0,0,1,1,1,,سمازن|1401,سمازن|1402
سقاین,سیمان قاین,1392,1393,0,0,0,1,1,1,,سقاین|1392,سقاین|1393
سقاین,سیمان قاین,1393,1394,1,0,1,1,1,1,,سقاین|1393,سقاین|1394
سقاین,سیمان قاین,1394,1395,0,0,0,1,1,1,,سقاین|1394,سقاین|1395
سقاین,سیمان قاین,1395,1396,0,0,0,1,1,1,,سقاین|1395,سقاین|1396
سقاین,سیمان قاین,1396,1397,0,0,0,1,1,1,,سقاین|1396,سقاین|1397
سقاین,سیمان قاین,1397,1398,0,0,0,1,1,1,,سقاین|1397,سقاین|1398
سقاین,سیمان قاین,1398,1399,0,0,0,1,1,1,,سقاین|1398,سقاین|1399
سقاین,سیمان قاین,1399,1400,0,0,0,1,1,1,,سقاین|1399,سقاین|1400
سقاین,سیمان قاین,1400,1401,0,0,0,1,1,1,,سقاین|1400,سقاین|1401
سقاین,سیمان قاین,1401,1402,0,0,0,1,1,1,,سقاین|1401,سقاین|1402
ساراب,سیمان داراب,1392,1393,0,0,0,1,1,1,,ساراب|1392,ساراب|1393
ساراب,سیمان داراب,1393,1394,0,0,0,1,1,1,,ساراب|1393,ساراب|1394
ساراب,سیمان داراب,1394,1395,0,0,0,1,1,1,,ساراب|1394,ساراب|1395
ساراب,سیمان داراب,1395,1396,0,0,0,1,1,1,,ساراب|1395,ساراب|1396
ساراب,سیمان داراب,1396,1397,0,0,0,1,1,1,,ساراب|1396,ساراب|1397
ساراب,سیمان داراب,1397,1398,0,0,0,1,1,1,,ساراب|1397,ساراب|1398
ساراب,سیمان داراب,1398,1399,0,0,0,1,1,1,,ساراب|1398,ساراب|1399
ساراب,سیمان داراب,1399,1400,0,0,0,1,1,1,,ساراب|1399,ساراب|1400
ساراب,سیمان داراب,1400,1401,0,0,0,1,1,1,,ساراب|1400,ساراب|1401
ساراب,سیمان داراب,1401,1402,0,0,0,1,1,1,,ساراب|1401,ساراب|1402
ساربیل,شرکت سیمان آرتا اردبیل,1393,1394,0,0,0,1,1,1,,ساربیل|1393,ساربیل|1394
ساربیل,شرکت سیمان آرتا اردبیل,1394,1395,0,0,0,1,1,1,,ساربیل|1394,ساربیل|1395
ساربیل,شرکت سیمان آرتا اردبیل,1395,1396,0,0,0,1,1,1,,ساربیل|1395,ساربیل|1396
ساربیل,شرکت سیمان آرتا اردبیل,1396,1397,0,0,0,1,1,1,,ساربیل|1396,ساربیل|1397
ساربیل,شرکت سیمان آرتا اردبیل,1397,1398,0,0,0,1,1,1,,ساربیل|1397,ساربیل|1398
ساربیل,شرکت سیمان آرتا اردبیل,1398,1399,0,0,0,1,1,1,,ساربیل|1398,ساربیل|1399
ساربیل,شرکت سیمان آرتا اردبیل,1399,1400,0,0,0,1,1,1,,ساربیل|1399,ساربیل|1400
ساربیل,شرکت سیمان آرتا اردبیل,1400,1401,0,0,0,1,1,1,,ساربیل|1400,ساربیل|1401
ساربیل,شرکت سیمان آرتا اردبیل,1401,1402,0,0,0,1,1,1,,ساربیل|1401,ساربیل|1402
ساروم,شرکت سیمان ارومیه,1393,1394,0,0,0,1,1,1,,ساروم|1393,ساروم|1394
ساروم,شرکت سیمان ارومیه,1394,1395,0,0,0,1,1,1,,ساروم|1394,ساروم|1395
ساروم,شرکت سیمان ارومیه,1395,1396,0,0,0,1,1,1,,ساروم|1395,ساروم|1396
ساروم,شرکت سیمان ارومیه,1396,1397,0,0,0,1,1,1,,ساروم|1396,ساروم|1397
ساروم,شرکت سیمان ارومیه,1397,1398,0,0,0,1,1,1,,ساروم|1397,ساروم|1398
ساروم,شرکت سیمان ارومیه,1398,1399,0,0,0,1,1,1,,ساروم|1398,ساروم|1399
ساروم,شرکت سیمان ارومیه,1399,1400,0,0,0,1,1,1,,ساروم|1399,ساروم|1400
ساروم,شرکت سیمان ارومیه,1400,1401,0,0,0,1,1,1,,ساروم|1400,ساروم|1401
ساروم,شرکت سیمان ارومیه,1401,1402,0,0,0,1,1,1,,ساروم|1401,ساروم|1402
سبهان,سیمان بهبهان,1392,1393,0,0,0,1,1,1,,سبهان|1392,سبهان|1393
سبهان,سیمان بهبهان,1393,1394,0,0,0,1,1,1,,سبهان|1393,سبهان|1394
سبهان,سیمان بهبهان,1394,1395,0,0,0,1,1,1,,سبهان|1394,سبهان|1395
سبهان,سیمان بهبهان,1395,1396,0,0,0,1,1,1,,سبهان|1395,سبهان|1396
سبهان,سیمان بهبهان,1396,1397,0,0,0,1,1,1,,سبهان|1396,سبهان|1397
سبهان,سیمان بهبهان,1397,1398,0,0,0,1,1,1,,سبهان|1397,سبهان|1398
سبهان,سیمان بهبهان,1398,1399,0,0,0,1,1,1,,سبهان|1398,سبهان|1399
سبهان,سیمان بهبهان,1399,1400,0,0,0,1,1,1,,سبهان|1399,سبهان|1400
سبهان,سیمان بهبهان,1400,1401,0,0,0,1,1,1,,سبهان|1400,سبهان|1401
سبهان,سیمان بهبهان,1401,1402,0,0,0,1,1,1,,سبهان|1401,سبهان|1402
سدشت,سیمان دشتستان,1392,1393,0,0,0,1,1,1,,سدشت|1392,سدشت|1393
سدشت,سیمان دشتستان,1393,1394,0,0,0,1,1,1,,سدشت|1393,سدشت|1394
سدشت,سیمان دشتستان,1394,1395,0,0,0,1,1,1,,سدشت|1394,سدشت|1395
سدشت,سیمان دشتستان,1395,1396,0,0,0,1,1,1,,سدشت|1395,سدشت|1396
سدشت,سیمان دشتستان,1396,1397,0,0,0,1,1,1,,سدشت|1396,سدشت|1397
سدشت,سیمان دشتستان,1397,1398,0,0,0,1,1,1,,سدشت|1397,سدشت|1398
سدشت,سیمان دشتستان,1398,1399,0,0,0,1,1,1,,سدشت|1398,سدشت|1399
سدشت,سیمان دشتستان,1399,1400,0,0,0,1,1,1,,سدشت|1399,سدشت|1400
سدشت,سیمان دشتستان,1400,1401,0,0,0,1,1,1,,سدشت|1400,سدشت|1401
سدشت,سیمان دشتستان,1401,1402,0,0,0,1,1,1,,سدشت|1401,سدشت|1402
سدور,شرکت سیمان دورود,1392,1393,0,0,0,1,1,1,,سدور|1392,سدور|1393
سدور,شرکت سیمان دورود,1393,1394,0,0,0,1,1,1,,سدور|1393,سدور|1394
سدور,شرکت سیمان دورود,1394,1395,1,0,1,1,1,1,,سدور|1394,سدور|1395
سدور,شرکت سیمان دورود,1395,1396,1,1,1,1,1,1,,سدور|1395,سدور|1396
سدور,شرکت سیمان دورود,1396,1397,0,0,0,1,1,1,,سدور|1396,سدور|1397
سدور,شرکت سیمان دورود,1397,1398,0,0,0,1,1,1,,سدور|1397,سدور|1398
سدور,شرکت سیمان دورود,1398,1399,0,0,0,1,1,1,,سدور|1398,سدور|1399
سدور,شرکت سیمان دورود,1399,1400,0,0,0,1,1,1,,سدور|1399,سدور|1400
سدور,شرکت سیمان دورود,1400,1401,0,0,0,1,1,1,,سدور|1400,سدور|1401
سدور,شرکت سیمان دورود,1401,1402,1,0,1,1,1,1,,سدور|1401,سدور|1402
سشرق,سیمان شرق,1392,1393,0,0,0,1,1,1,,سشرق|1392,سشرق|1393
سشرق,سیمان شرق,1393,1394,1,0,1,1,1,1,,سشرق|1393,سشرق|1394
سشرق,سیمان شرق,1394,1395,1,0,1,1,1,1,,سشرق|1394,سشرق|1395
سشرق,سیمان شرق,1395,1396,0,0,1,1,1,1,,سشرق|1395,سشرق|1396
سشرق,سیمان شرق,1396,1397,0,0,0,1,1,1,,سشرق|1396,سشرق|1397
سشرق,سیمان شرق,1397,1398,0,0,0,1,1,1,,سشرق|1397,سشرق|1398
سشرق,سیمان شرق,1398,1399,0,0,0,1,1,1,,سشرق|1398,سشرق|1399
سشرق,سیمان شرق,1399,1400,0,0,0,1,1,1,,سشرق|1399,سشرق|1400
سشرق,سیمان شرق,1400,1401,0,0,0,1,1,1,,سشرق|1400,سشرق|1401
سشرق,سیمان شرق,1401,1402,0,0,0,1,1,1,,سشرق|1401,سشرق|1402
تاپیکو,شرکت سرمایه گذاری نفت و گاز و پتروشیمی تامین,1393,1394,0,0,0,1,1,1,,تاپیکو|1393,تاپیکو|1394
تاپیکو,شرکت سرمایه گذاری نفت و گاز و پتروشیمی تامین,1394,1395,0,0,0,1,1,1,,تاپیکو|1394,تاپیکو|1395
تاپیکو,شرکت سرمایه گذاری نفت و گاز و پتروشیمی تامین,1395,1396,0,0,0,1,1,1,,تاپیکو|1395,تاپیکو|1396
تاپیکو,شرکت سرمایه گذاری نفت و گاز و پتروشیمی تامین,1396,1397,0,0,0,1,1,1,,تاپیکو|1396,تاپیکو|1397
تاپیکو,شرکت سرمایه گذاری نفت و گاز و پتروشیمی تامین,1397,1398,0,0,0,1,1,1,,تاپیکو|1397,تاپیکو|1398
تاپیکو,شرکت سرمایه گذاری نفت و گاز و پتروشیمی تامین,1398,1399,0,0,0,1,1,1,,تاپیکو|1398,تاپیکو|1399
تاپیکو,شرکت سرمایه گذاری نفت و گاز و پتروشیمی تامین,1399,1400,0,0,0,1,1,1,,تاپیکو|1399,تاپیکو|1400
تاپیکو,شرکت سرمایه گذاری نفت و گاز و پتروشیمی تامین,1400,1401,0,0,0,1,1,1,,تاپیکو|1400,تاپیکو|1401
تاپیکو,شرکت سرمایه گذاری نفت و گاز و پتروشیمی تامین,1401,1402,0,0,0,1,1,1,,تاپیکو|1401,تاپیکو|1402
تکمبا,شرکت کمباین سازی ایران,1393,1394,0,0,0,1,1,1,,تکمبا|1393,تکمبا|1394
تکمبا,شرکت کمباین سازی ایران,1394,1395,0,0,0,1,1,1,,تکمبا|1394,تکمبا|1395
تکمبا,شرکت کمباین سازی ایران,1395,1396,0,0,0,1,1,1,,تکمبا|1395,تکمبا|1396
تکمبا,شرکت کمباین سازی ایران,1396,1397,0,0,0,1,1,1,,تکمبا|1396,تکمبا|1397
تکمبا,شرکت کمباین سازی ایران,1397,1398,0,0,0,1,1,1,,تکمبا|1397,تکمبا|1398
تکمبا,شرکت کمباین سازی ایران,1398,1399,0,0,0,1,1,1,,تکمبا|1398,تکمبا|1399
تکمبا,شرکت کمباین سازی ایران,1399,1400,0,0,0,1,1,1,,تکمبا|1399,تکمبا|1400
تکمبا,شرکت کمباین سازی ایران,1400,1401,0,0,0,1,1,1,,تکمبا|1400,تکمبا|1401
تکمبا,شرکت کمباین سازی ایران,1401,1402,1,0,1,1,1,1,,تکمبا|1401,تکمبا|1402
تپمپی,گروه صنایع پمپ‌سازی ایران,1393,1394,0,0,0,1,1,1,,تپمپی|1393,تپمپی|1394
تپمپی,گروه صنایع پمپ‌سازی ایران,1394,1395,0,0,0,1,1,1,,تپمپی|1394,تپمپی|1395
تپمپی,گروه صنایع پمپ‌سازی ایران,1395,1396,0,0,0,1,1,1,,تپمپی|1395,تپمپی|1396
تپمپی,گروه صنایع پمپ‌سازی ایران,1396,1397,0,0,0,1,1,1,,تپمپی|1396,تپمپی|1397
تپمپی,گروه صنایع پمپ‌سازی ایران,1397,1398,0,0,0,1,1,1,,تپمپی|1397,تپمپی|1398
تپمپی,گروه صنایع پمپ‌سازی ایران,1398,1399,0,0,0,1,1,1,,تپمپی|1398,تپمپی|1399
تپمپی,گروه صنایع پمپ‌سازی ایران,1399,1400,0,0,0,1,1,1,,تپمپی|1399,تپمپی|1400
تپمپی,گروه صنایع پمپ‌سازی ایران,1400,1401,0,0,0,1,1,1,,تپمپی|1400,تپمپی|1401
تپمپی,گروه صنایع پمپ‌سازی ایران,1401,1402,0,0,0,1,1,1,,تپمپی|1401,تپمپی|1402
ومعادن,شرکت سرمایه گذاری توسعه معادن و فلزات (سهامی عام),1392,1393,0,0,0,0,1,0,predictor_not_eligible:financial_industry | source_not_traceable,ومعادن|1392,ومعادن|1393
ومعادن,شرکت سرمایه گذاری توسعه معادن و فلزات (سهامی عام),1393,1394,0,0,0,0,1,0,predictor_not_eligible:financial_industry | source_not_traceable,ومعادن|1393,ومعادن|1394
ومعادن,شرکت سرمایه گذاری توسعه معادن و فلزات (سهامی عام),1394,1395,0,0,0,0,1,0,predictor_not_eligible:financial_industry | source_not_traceable,ومعادن|1394,ومعادن|1395
ومعادن,شرکت سرمایه گذاری توسعه معادن و فلزات (سهامی عام),1395,1396,0,0,0,0,1,0,predictor_not_eligible:financial_industry | source_not_traceable,ومعادن|1395,ومعادن|1396
ومعادن,شرکت سرمایه گذاری توسعه معادن و فلزات (سهامی عام),1396,1397,0,0,0,0,1,0,predictor_not_eligible:financial_industry | source_not_traceable,ومعادن|1396,ومعادن|1397
ومعادن,شرکت سرمایه گذاری توسعه معادن و فلزات (سهامی عام),1397,1398,0,0,0,0,1,0,predictor_not_eligible:financial_industry | source_not_traceable,ومعادن|1397,ومعادن|1398
ومعادن,سرمایه‌گذاری توسعه معادن و فلزات,1398,1399,0,0,0,0,1,0,predictor_not_eligible:financial_industry | source_not_traceable,ومعادن|1398,ومعادن|1399
ومعادن,سرمایه‌گذاری توسعه معادن و فلزات,1399,1400,0,0,0,0,1,0,predictor_not_eligible:financial_industry,ومعادن|1399,ومعادن|1400
ومعادن,سرمایه‌گذاری توسعه معادن و فلزات,1400,1401,0,0,0,0,1,0,predictor_not_eligible:financial_industry,ومعادن|1400,ومعادن|1401
ومعادن,سرمایه‌گذاری توسعه معادن و فلزات,1401,1402,0,0,0,0,1,0,predictor_not_eligible:financial_industry,ومعادن|1401,ومعادن|1402
وملی,سرمایه گذاری گروه صنعتی ملی,1393,1394,0,0,0,0,1,0,predictor_not_eligible:financial_industry,وملی|1393,وملی|1394
وملی,سرمایه گذاری گروه صنعتی ملی,1394,1395,0,0,0,0,1,0,predictor_not_eligible:financial_industry,وملی|1394,وملی|1395
وملی,سرمایه گذاری گروه صنعتی ملی,1395,1396,0,0,0,0,1,0,predictor_not_eligible:financial_industry,وملی|1395,وملی|1396
وملی,سرمایه گذاری گروه صنعتی ملی,1396,1397,0,0,0,0,1,0,predictor_not_eligible:financial_industry,وملی|1396,وملی|1397
وملی,سرمایه گذاری گروه صنعتی ملی,1397,1398,0,0,0,0,1,0,predictor_not_eligible:financial_industry,وملی|1397,وملی|1398
وملی,سرمایه گذاری گروه صنعتی ملی,1398,1399,0,0,0,0,1,0,predictor_not_eligible:financial_industry,وملی|1398,وملی|1399
وملی,سرمایه گذاری گروه صنعتی ملی,1399,1400,0,0,0,0,1,0,predictor_not_eligible:financial_industry,وملی|1399,وملی|1400
وملی,سرمایه گذاری گروه صنعتی ملی,1400,1401,0,0,0,0,1,0,predictor_not_eligible:financial_industry,وملی|1400,وملی|1401
وملی,سرمایه گذاری گروه صنعتی ملی,1401,1402,0,0,0,0,1,0,predictor_not_eligible:financial_industry,وملی|1401,وملی|1402
وکغدیر,سرمایه گذاری غدیر,1392,1393,,,,0,0,0,predictor_not_eligible:pre_listing | financial_industry | consolidated_or_unresolved_statement | source_not_traceable | unresolved_target | target_t+1_missing,وکغدیر|1392,وکغدیر|1393
وکغدیر,سرمایه گذاری غدیر,1393,1394,,,,0,0,0,predictor_not_eligible:pre_listing | financial_industry | consolidated_or_unresolved_statement | source_not_traceable | unresolved_target | target_t+1_missing,وکغدیر|1393,وکغدیر|1394
وکغدیر,سرمایه گذاری غدیر,1394,1395,,,,0,0,0,predictor_not_eligible:pre_listing | financial_industry | consolidated_or_unresolved_statement | source_not_traceable | unresolved_target | target_t+1_missing,وکغدیر|1394,وکغدیر|1395
وکغدیر,سرمایه گذاری غدیر,1395,1396,,,,0,0,0,predictor_not_eligible:pre_listing | financial_industry | consolidated_or_unresolved_statement | source_not_traceable | unresolved_target | target_t+1_missing,وکغدیر|1395,وکغدیر|1396
وکغدیر,سرمایه گذاری غدیر,1396,1397,,,,0,0,0,predictor_not_eligible:pre_listing | financial_industry | consolidated_or_unresolved_statement | source_not_traceable | unresolved_target | target_t+1_missing,وکغدیر|1396,وکغدیر|1397
وکغدیر,سرمایه گذاری غدیر,1397,1398,0,0,,0,1,0,predictor_not_eligible:pre_listing | financial_industry | consolidated_or_unresolved_statement | source_not_traceable | unresolved_target,وکغدیر|1397,وکغدیر|1398
وکغدیر,سرمایه گذاری غدیر,1398,1399,0,0,0,0,1,0,predictor_not_eligible:financial_industry,وکغدیر|1398,وکغدیر|1399
وکغدیر,سرمایه گذاری غدیر,1399,1400,0,0,0,0,1,0,predictor_not_eligible:financial_industry,وکغدیر|1399,وکغدیر|1400
وکغدیر,سرمایه گذاری غدیر,1400,1401,0,0,0,0,1,0,predictor_not_eligible:financial_industry,وکغدیر|1400,وکغدیر|1401
وکغدیر,سرمایه گذاری غدیر,1401,1402,0,0,0,0,1,0,predictor_not_eligible:financial_industry,وکغدیر|1401,وکغدیر|1402
زمگسا,شرکت کشاورزی و دامپروری مگسال,1392,1393,0,0,0,1,1,1,,زمگسا|1392,زمگسا|1393
زمگسا,شرکت کشاورزی و دامپروری مگسال,1393,1394,0,0,0,1,1,1,,زمگسا|1393,زمگسا|1394
زمگسا,شرکت کشاورزی و دامپروری مگسال,1394,1395,0,0,0,1,1,1,,زمگسا|1394,زمگسا|1395
زمگسا,شرکت کشاورزی و دامپروری مگسال,1395,1396,0,0,0,1,1,1,,زمگسا|1395,زمگسا|1396
زمگسا,شرکت کشاورزی و دامپروری مگسال,1396,1397,0,0,0,1,1,1,,زمگسا|1396,زمگسا|1397
زمگسا,شرکت کشاورزی و دامپروری مگسال,1397,1398,0,0,0,1,1,1,,زمگسا|1397,زمگسا|1398
زمگسا,شرکت کشاورزی و دامپروری مگسال,1398,1399,0,0,0,1,1,1,,زمگسا|1398,زمگسا|1399
زمگسا,شرکت کشاورزی و دامپروری مگسال,1399,1400,0,0,0,1,1,1,,زمگسا|1399,زمگسا|1400
زمگسا,شرکت کشاورزی و دامپروری مگسال,1400,1401,0,0,0,1,1,1,,زمگسا|1400,زمگسا|1401
زمگسا,شرکت کشاورزی و دامپروری مگسال,1401,1402,0,0,0,1,1,1,,زمگسا|1401,زمگسا|1402
ذوب,ذوب آهن اصفهان,1393,1394,1,1,1,1,1,1,,ذوب|1393,ذوب|1394
ذوب,ذوب آهن اصفهان,1394,1395,1,1,1,1,1,1,,ذوب|1394,ذوب|1395
ذوب,ذوب آهن اصفهان,1395,1396,1,1,1,0,1,0,predictor_not_eligible:consolidated_or_unresolved_statement,ذوب|1395,ذوب|1396
ذوب,ذوب آهن اصفهان,1396,1397,0,0,0,0,1,0,predictor_not_eligible:consolidated_or_unresolved_statement,ذوب|1396,ذوب|1397
ذوب,ذوب آهن اصفهان,1397,1398,0,0,0,0,1,0,predictor_not_eligible:consolidated_or_unresolved_statement,ذوب|1397,ذوب|1398
ذوب,ذوب آهن اصفهان,1398,1399,0,0,0,0,1,0,predictor_not_eligible:consolidated_or_unresolved_statement,ذوب|1398,ذوب|1399
ذوب,ذوب آهن اصفهان,1399,1400,0,0,0,0,1,0,predictor_not_eligible:consolidated_or_unresolved_statement,ذوب|1399,ذوب|1400
ذوب,ذوب آهن اصفهان,1400,1401,1,1,1,0,1,0,predictor_not_eligible:consolidated_or_unresolved_statement,ذوب|1400,ذوب|1401
ذوب,ذوب آهن اصفهان,1401,1402,0,0,1,0,1,0,predictor_not_eligible:consolidated_or_unresolved_statement,ذوب|1401,ذوب|1402
زپارس,شرکت ملی کشت و صنعت و دامپروری پارس,1394,1395,0,0,0,1,1,1,,زپارس|1394,زپارس|1395
زپارس,شرکت ملی کشت و صنعت و دامپروری پارس,1395,1396,0,0,0,1,1,1,,زپارس|1395,زپارس|1396
زپارس,شرکت ملی کشت و صنعت و دامپروری پارس,1396,1397,0,0,0,1,1,1,,زپارس|1396,زپارس|1397
زپارس,شرکت ملی کشت و صنعت و دامپروری پارس,1397,1398,0,0,0,1,1,1,,زپارس|1397,زپارس|1398
زپارس,شرکت ملی کشت و صنعت و دامپروری پارس,1398,1399,0,0,0,1,1,1,,زپارس|1398,زپارس|1399
زپارس,شرکت ملی کشت و صنعت و دامپروری پارس,1399,1400,0,0,0,1,1,1,,زپارس|1399,زپارس|1400
زپارس,شرکت ملی کشت و صنعت و دامپروری پارس,1400,1401,0,0,0,1,1,1,,زپارس|1400,زپارس|1401
زپارس,شرکت ملی کشت و صنعت و دامپروری پارس,1401,1402,0,0,0,1,1,1,,زپارس|1401,زپارس|1402
سصفها,شرکت سیمان اصفهان,1393,1394,0,0,0,1,1,1,,سصفها|1393,سصفها|1394
سصفها,شرکت سیمان اصفهان,1394,1395,0,0,0,1,1,1,,سصفها|1394,سصفها|1395
سصفها,شرکت سیمان اصفهان,1395,1396,0,0,0,1,1,1,,سصفها|1395,سصفها|1396
سصفها,شرکت سیمان اصفهان,1396,1397,0,0,0,1,1,1,,سصفها|1396,سصفها|1397
سصفها,شرکت سیمان اصفهان,1397,1398,0,0,0,1,1,1,,سصفها|1397,سصفها|1398
سصفها,شرکت سیمان اصفهان,1398,1399,0,0,0,1,1,1,,سصفها|1398,سصفها|1399
سصفها,شرکت سیمان اصفهان,1399,1400,0,0,0,1,1,1,,سصفها|1399,سصفها|1400
سصفها,شرکت سیمان اصفهان,1400,1401,0,0,0,1,1,1,,سصفها|1400,سصفها|1401
سصفها,شرکت سیمان اصفهان,1401,1402,0,0,0,1,1,1,,سصفها|1401,سصفها|1402
شاراک,شرکت پتروشیمی شازند,1393,1394,0,0,0,1,1,1,,شاراک|1393,شاراک|1394
شاراک,شرکت پتروشیمی شازند,1394,1395,0,0,0,1,1,1,,شاراک|1394,شاراک|1395
شاراک,شرکت پتروشیمی شازند,1395,1396,0,0,0,1,1,1,,شاراک|1395,شاراک|1396
شاراک,شرکت پتروشیمی شازند,1396,1397,0,0,0,1,1,1,,شاراک|1396,شاراک|1397
شاراک,شرکت پتروشیمی شازند,1397,1398,0,0,0,1,1,1,,شاراک|1397,شاراک|1398
شاراک,شرکت پتروشیمی شازند,1398,1399,0,0,0,1,1,1,,شاراک|1398,شاراک|1399
شاراک,شرکت پتروشیمی شازند,1399,1400,0,0,0,1,1,1,,شاراک|1399,شاراک|1400
شاراک,شرکت پتروشیمی شازند,1400,1401,0,0,0,1,1,1,,شاراک|1400,شاراک|1401
شاراک,شرکت پتروشیمی شازند,1401,1402,0,0,0,1,1,1,,شاراک|1401,شاراک|1402
شکلر,شرکت نیروی کلر,1393,1394,0,0,0,1,1,1,,شکلر|1393,شکلر|1394
شکلر,شرکت نیروی کلر,1394,1395,0,0,0,1,1,1,,شکلر|1394,شکلر|1395
شکلر,شرکت نیروی کلر,1395,1396,0,0,0,1,1,1,,شکلر|1395,شکلر|1396
شکلر,شرکت نیروی کلر,1396,1397,0,0,0,1,1,1,,شکلر|1396,شکلر|1397
شکلر,شرکت نیروی کلر,1398,1399,0,0,0,1,1,1,,شکلر|1398,شکلر|1399
شکلر,شرکت نیروی کلر,1399,1400,0,0,0,1,1,1,,شکلر|1399,شکلر|1400
شکلر,شرکت نیروی کلر,1400,1401,0,0,0,0,1,0,predictor_not_eligible:non_12_month_period,شکلر|1400,شکلر|1401
شکلر,شرکت نیروی کلر,1401,1402,0,0,0,1,1,1,,شکلر|1401,شکلر|1402
شپنا,پالایش نفت اصفهان,1393,1394,0,0,0,1,1,1,,شپنا|1393,شپنا|1394
شپنا,پالایش نفت اصفهان,1394,1395,0,0,0,1,1,1,,شپنا|1394,شپنا|1395
شپنا,پالایش نفت اصفهان,1395,1396,0,0,0,1,1,1,,شپنا|1395,شپنا|1396
شپنا,پالایش نفت اصفهان,1396,1397,0,0,0,1,1,1,,شپنا|1396,شپنا|1397
شپنا,پالایش نفت اصفهان,1397,1398,0,0,0,1,1,1,,شپنا|1397,شپنا|1398
شپنا,پالایش نفت اصفهان,1398,1399,0,0,0,1,1,1,,شپنا|1398,شپنا|1399
شپنا,پالایش نفت اصفهان,1399,1400,0,0,0,0,1,0,predictor_not_eligible:consolidated_or_unresolved_statement,شپنا|1399,شپنا|1400
شپنا,پالایش نفت اصفهان,1400,1401,0,0,0,0,1,0,predictor_not_eligible:consolidated_or_unresolved_statement,شپنا|1400,شپنا|1401
شپنا,پالایش نفت اصفهان,1401,1402,0,0,0,0,1,0,predictor_not_eligible:consolidated_or_unresolved_statement,شپنا|1401,شپنا|1402
شفارس,شرکت صنایع شیمیایی فارس,1393,1394,0,0,0,1,1,1,,شفارس|1393,شفارس|1394
شفارس,شرکت صنایع شیمیایی فارس,1394,1395,0,0,0,1,1,1,,شفارس|1394,شفارس|1395
شفارس,شرکت صنایع شیمیایی فارس,1395,1396,0,0,0,1,1,1,,شفارس|1395,شفارس|1396
شفارس,شرکت صنایع شیمیایی فارس,1396,1397,0,0,0,1,1,1,,شفارس|1396,شفارس|1397
شفارس,شرکت صنایع شیمیایی فارس,1397,1398,0,0,0,1,1,1,,شفارس|1397,شفارس|1398
شفارس,شرکت صنایع شیمیایی فارس,1398,1399,0,0,0,1,1,1,,شفارس|1398,شفارس|1399
شفارس,شرکت صنایع شیمیایی فارس,1399,1400,0,0,0,1,1,1,,شفارس|1399,شفارس|1400
شفارس,شرکت صنایع شیمیایی فارس,1400,1401,0,0,0,1,1,1,,شفارس|1400,شفارس|1401
شفارس,شرکت صنایع شیمیایی فارس,1401,1402,0,0,0,1,1,1,,شفارس|1401,شفارس|1402
شغدیر,شرکت پتروشیمی غدیر,1393,1394,0,0,0,1,1,1,,شغدیر|1393,شغدیر|1394
شغدیر,شرکت پتروشیمی غدیر,1394,1395,0,0,0,1,1,1,,شغدیر|1394,شغدیر|1395
شغدیر,شرکت پتروشیمی غدیر,1395,1396,0,0,0,1,1,1,,شغدیر|1395,شغدیر|1396
شغدیر,شرکت پتروشیمی غدیر,1396,1397,0,0,0,1,1,1,,شغدیر|1396,شغدیر|1397
شغدیر,شرکت پتروشیمی غدیر,1397,1398,0,0,0,1,1,1,,شغدیر|1397,شغدیر|1398
شغدیر,شرکت پتروشیمی غدیر,1398,1399,0,0,0,1,1,1,,شغدیر|1398,شغدیر|1399
شغدیر,شرکت پتروشیمی غدیر,1399,1400,0,0,0,1,1,1,,شغدیر|1399,شغدیر|1400
شغدیر,شرکت پتروشیمی غدیر,1400,1401,0,0,0,1,1,1,,شغدیر|1400,شغدیر|1401
شغدیر,شرکت پتروشیمی غدیر,1401,1402,0,0,0,1,1,1,,شغدیر|1401,شغدیر|1402
شیران,شرکت سرمایه‌گذاری صنایع شیمیایی ایران,1393,1394,0,0,0,1,1,1,,شیران|1393,شیران|1394
شیران,شرکت سرمایه‌گذاری صنایع شیمیایی ایران,1394,1395,0,0,0,1,1,1,,شیران|1394,شیران|1395
شیران,شرکت سرمایه‌گذاری صنایع شیمیایی ایران,1395,1396,0,0,0,1,1,1,,شیران|1395,شیران|1396
شیران,شرکت سرمایه‌گذاری صنایع شیمیایی ایران,1396,1397,0,0,0,1,1,1,,شیران|1396,شیران|1397
شیران,شرکت سرمایه‌گذاری صنایع شیمیایی ایران,1397,1398,0,0,0,1,1,1,,شیران|1397,شیران|1398
شیران,شرکت سرمایه‌گذاری صنایع شیمیایی ایران,1398,1399,0,0,0,1,1,1,,شیران|1398,شیران|1399
شیران,شرکت سرمایه‌گذاری صنایع شیمیایی ایران,1399,1400,0,0,0,1,1,1,,شیران|1399,شیران|1400
شیران,شرکت سرمایه‌گذاری صنایع شیمیایی ایران,1400,1401,0,0,0,1,1,1,,شیران|1400,شیران|1401
شیران,شرکت سرمایه‌گذاری صنایع شیمیایی ایران,1401,1402,0,0,0,1,1,1,,شیران|1401,شیران|1402
شپارس,شرکت بین‌المللی محصولات پارس,1393,1394,0,0,1,1,1,1,,شپارس|1393,شپارس|1394
شپارس,شرکت بین‌المللی محصولات پارس,1394,1395,0,0,1,1,1,1,,شپارس|1394,شپارس|1395
شپارس,شرکت بین‌المللی محصولات پارس,1395,1396,0,0,0,1,1,1,,شپارس|1395,شپارس|1396
شپارس,شرکت بین‌المللی محصولات پارس,1396,1397,0,0,0,1,1,1,,شپارس|1396,شپارس|1397
شپارس,شرکت بین‌المللی محصولات پارس,1397,1398,0,0,0,1,1,1,,شپارس|1397,شپارس|1398
شپارس,شرکت بین‌المللی محصولات پارس,1398,1399,0,0,0,1,1,1,,شپارس|1398,شپارس|1399
شپارس,شرکت بین‌المللی محصولات پارس,1399,1400,1,0,1,1,1,1,,شپارس|1399,شپارس|1400
شپارس,شرکت بین‌المللی محصولات پارس,1400,1401,1,0,1,1,1,1,,شپارس|1400,شپارس|1401
شپارس,شرکت بین‌المللی محصولات پارس,1401,1402,0,0,0,1,1,1,,شپارس|1401,شپارس|1402
سیلام,سیمان ایلام,1392,1393,0,0,0,1,1,1,,سیلام|1392,سیلام|1393
سیلام,سیمان ایلام,1393,1394,0,0,0,1,1,1,,سیلام|1393,سیلام|1394
سیلام,سیمان ایلام,1394,1395,1,0,1,1,1,1,,سیلام|1394,سیلام|1395
سیلام,سیمان ایلام,1395,1396,1,1,1,1,1,1,,سیلام|1395,سیلام|1396
سیلام,سیمان ایلام,1396,1397,1,1,1,1,1,1,,سیلام|1396,سیلام|1397
سیلام,سیمان ایلام,1397,1398,1,1,1,1,1,1,,سیلام|1397,سیلام|1398
سیلام,سیمان ایلام,1398,1399,1,0,1,1,1,1,,سیلام|1398,سیلام|1399
سیلام,سیمان ایلام,1399,1400,0,0,0,1,1,1,,سیلام|1399,سیلام|1400
سیلام,سیمان ایلام,1400,1401,0,0,0,1,1,1,,سیلام|1400,سیلام|1401
سیلام,سیمان ایلام,1401,1402,0,0,0,1,1,1,,سیلام|1401,سیلام|1402
سکرد,سیمان کردستان,1392,1393,1,1,1,1,1,1,,سکرد|1392,سکرد|1393
سکرد,سیمان کردستان,1393,1394,0,0,0,1,1,1,,سکرد|1393,سکرد|1394
سکرد,سیمان کردستان,1394,1395,1,1,1,1,1,1,,سکرد|1394,سکرد|1395
سکرد,سیمان کردستان,1395,1396,1,1,1,1,1,1,,سکرد|1395,سکرد|1396
سکرد,سیمان کردستان,1396,1397,1,1,1,1,1,1,,سکرد|1396,سکرد|1397
سکرد,سیمان کردستان,1397,1398,0,0,0,1,1,1,,سکرد|1397,سکرد|1398
سکرد,سیمان کردستان,1398,1399,0,0,0,1,1,1,,سکرد|1398,سکرد|1399
سکرد,سیمان کردستان,1399,1400,0,0,0,1,1,1,,سکرد|1399,سکرد|1400
سکرد,سیمان کردستان,1400,1401,0,0,0,1,1,1,,سکرد|1400,سکرد|1401
سکرد,سیمان کردستان,1401,1402,0,0,0,1,1,1,,سکرد|1401,سکرد|1402
شبریز,پالایش نفت تبریز,1393,1394,0,0,0,1,1,1,,شبریز|1393,شبریز|1394
شبریز,پالایش نفت تبریز,1394,1395,0,0,0,1,1,1,,شبریز|1394,شبریز|1395
شبریز,پالایش نفت تبریز,1395,1396,0,0,0,1,1,1,,شبریز|1395,شبریز|1396
شبریز,پالایش نفت تبریز,1396,1397,0,0,0,1,1,1,,شبریز|1396,شبریز|1397
شبریز,پالایش نفت تبریز,1397,1398,0,0,0,1,1,1,,شبریز|1397,شبریز|1398
شبریز,پالایش نفت تبریز,1398,1399,0,0,0,1,1,1,,شبریز|1398,شبریز|1399
شبریز,پالایش نفت تبریز,1399,1400,0,0,0,1,1,1,,شبریز|1399,شبریز|1400
شبریز,پالایش نفت تبریز,1400,1401,0,0,0,1,1,1,,شبریز|1400,شبریز|1401
شبریز,پالایش نفت تبریز,1401,1402,0,0,0,1,1,1,,شبریز|1401,شبریز|1402
سنیر,شرکت سیمان سفید نی‌ریز,1393,1394,0,0,0,1,1,1,,سنیر|1393,سنیر|1394
سنیر,شرکت سیمان سفید نی‌ریز,1394,1395,0,0,0,1,1,1,,سنیر|1394,سنیر|1395
سنیر,شرکت سیمان سفید نی‌ریز,1395,1396,0,0,0,1,1,1,,سنیر|1395,سنیر|1396
سنیر,شرکت سیمان سفید نی‌ریز,1396,1397,0,0,0,1,1,1,,سنیر|1396,سنیر|1397
سنیر,شرکت سیمان سفید نی‌ریز,1397,1398,0,0,0,1,1,1,,سنیر|1397,سنیر|1398
سنیر,شرکت سیمان سفید نی‌ریز,1398,1399,0,0,0,1,1,1,,سنیر|1398,سنیر|1399
سنیر,شرکت سیمان سفید نی‌ریز,1399,1400,0,0,0,1,1,1,,سنیر|1399,سنیر|1400
سنیر,شرکت سیمان سفید نی‌ریز,1400,1401,0,0,0,1,1,1,,سنیر|1400,سنیر|1401
سنیر,شرکت سیمان سفید نی‌ریز,1401,1402,0,0,0,1,1,1,,سنیر|1401,سنیر|1402
ثنوسا,نوسازی و ساختمان تهران,1392,1393,0,0,0,1,1,1,,ثنوسا|1392,ثنوسا|1393
ثنوسا,نوسازی و ساختمان تهران,1393,1394,0,0,0,1,1,1,,ثنوسا|1393,ثنوسا|1394
ثنوسا,نوسازی و ساختمان تهران,1394,1395,0,0,1,1,1,1,,ثنوسا|1394,ثنوسا|1395
ثنوسا,نوسازی و ساختمان تهران,1395,1396,1,1,1,1,1,1,,ثنوسا|1395,ثنوسا|1396
ثنوسا,نوسازی و ساختمان تهران,1396,1397,1,1,1,1,1,1,,ثنوسا|1396,ثنوسا|1397
ثنوسا,نوسازی و ساختمان تهران,1397,1398,1,1,1,1,1,1,,ثنوسا|1397,ثنوسا|1398
ثنوسا,نوسازی و ساختمان تهران,1398,1399,0,0,0,1,1,1,,ثنوسا|1398,ثنوسا|1399
ثنوسا,نوسازی و ساختمان تهران,1399,1400,0,0,0,1,1,1,,ثنوسا|1399,ثنوسا|1400
ثنوسا,نوسازی و ساختمان تهران,1400,1401,0,0,0,1,1,1,,ثنوسا|1400,ثنوسا|1401
ثنوسا,نوسازی و ساختمان تهران,1401,1402,0,0,0,1,1,1,,ثنوسا|1401,ثنوسا|1402
سپاها,سیمان سپاهان,1392,1393,0,0,0,1,1,1,,سپاها|1392,سپاها|1393
سپاها,سیمان سپاهان,1393,1394,0,0,0,1,1,1,,سپاها|1393,سپاها|1394
سپاها,سیمان سپاهان,1394,1395,0,0,0,1,1,1,,سپاها|1394,سپاها|1395
سپاها,سیمان سپاهان,1395,1396,0,0,0,1,1,1,,سپاها|1395,سپاها|1396
سپاها,سیمان سپاهان,1396,1397,0,0,0,1,1,1,,سپاها|1396,سپاها|1397
سپاها,سیمان سپاهان,1397,1398,0,0,0,1,1,1,,سپاها|1397,سپاها|1398
سپاها,سیمان سپاهان,1398,1399,0,0,0,1,1,1,,سپاها|1398,سپاها|1399
سپاها,سیمان سپاهان,1399,1400,0,0,0,1,1,1,,سپاها|1399,سپاها|1400
سپاها,سیمان سپاهان,1400,1401,0,0,0,1,1,1,,سپاها|1400,سپاها|1401
سپاها,سیمان سپاهان,1401,1402,0,0,0,1,1,1,,سپاها|1401,سپاها|1402
سپید,شرکت سپید ماکیان,1397,1398,0,0,0,1,1,1,,سپید|1397,سپید|1398
سپید,شرکت سپید ماکیان,1398,1399,0,0,0,1,1,1,,سپید|1398,سپید|1399
سپید,شرکت سپید ماکیان,1399,1400,0,0,0,1,1,1,,سپید|1399,سپید|1400
سپید,شرکت سپید ماکیان,1400,1401,0,0,0,1,1,1,,سپید|1400,سپید|1401
سپید,شرکت سپید ماکیان,1401,1402,0,0,0,1,1,1,,سپید|1401,سپید|1402
سرود,سیمان شاهرود,1392,1393,0,0,0,1,1,1,,سرود|1392,سرود|1393
سرود,سیمان شاهرود,1393,1394,0,0,0,1,1,1,,سرود|1393,سرود|1394
سرود,سیمان شاهرود,1394,1395,0,0,0,1,1,1,,سرود|1394,سرود|1395
سرود,سیمان شاهرود,1395,1396,0,0,0,1,1,1,,سرود|1395,سرود|1396
سرود,سیمان شاهرود,1396,1397,0,0,0,1,1,1,,سرود|1396,سرود|1397
سرود,سیمان شاهرود,1397,1398,0,0,0,1,1,1,,سرود|1397,سرود|1398
سرود,سیمان شاهرود,1398,1399,0,0,0,1,1,1,,سرود|1398,سرود|1399
سرود,سیمان شاهرود,1399,1400,0,0,0,1,1,1,,سرود|1399,سرود|1400
سرود,سیمان شاهرود,1400,1401,0,0,0,1,1,1,,سرود|1400,سرود|1401
سرود,سیمان شاهرود,1401,1402,0,0,0,1,1,1,,سرود|1401,سرود|1402
ثشرق,سرمایه گذاری مسکن شمال شرق,1392,1393,0,0,0,1,1,1,,ثشرق|1392,ثشرق|1393
ثشرق,سرمایه گذاری مسکن شمال شرق,1393,1394,0,0,0,1,1,1,,ثشرق|1393,ثشرق|1394
ثشرق,سرمایه گذاری مسکن شمال شرق,1394,1395,0,0,0,1,1,1,,ثشرق|1394,ثشرق|1395
ثشرق,سرمایه گذاری مسکن شمال شرق,1395,1396,0,0,0,1,1,1,,ثشرق|1395,ثشرق|1396
ثشرق,سرمایه گذاری مسکن شمال شرق,1396,1397,0,0,0,1,1,1,,ثشرق|1396,ثشرق|1397
ثشرق,سرمایه گذاری مسکن شمال شرق,1397,1398,0,0,0,1,1,1,,ثشرق|1397,ثشرق|1398
ثشرق,سرمایه گذاری مسکن شمال شرق,1398,1399,0,0,0,1,1,1,,ثشرق|1398,ثشرق|1399
ثشرق,سرمایه گذاری مسکن شمال شرق,1399,1400,0,0,0,1,1,1,,ثشرق|1399,ثشرق|1400
ثشرق,سرمایه گذاری مسکن شمال شرق,1400,1401,0,0,0,1,1,1,,ثشرق|1400,ثشرق|1401
ثشرق,سرمایه گذاری مسکن شمال شرق,1401,1402,0,0,0,1,1,1,,ثشرق|1401,ثشرق|1402
ستران,شرکت سیمان تهران,1393,1394,0,0,0,1,1,1,,ستران|1393,ستران|1394
ستران,شرکت سیمان تهران,1394,1395,0,0,0,1,1,1,,ستران|1394,ستران|1395
ستران,شرکت سیمان تهران,1395,1396,0,0,0,1,1,1,,ستران|1395,ستران|1396
ستران,شرکت سیمان تهران,1396,1397,0,0,0,1,1,1,,ستران|1396,ستران|1397
ستران,شرکت سیمان تهران,1397,1398,0,0,0,1,1,1,,ستران|1397,ستران|1398
ستران,شرکت سیمان تهران,1398,1399,0,0,0,1,1,1,,ستران|1398,ستران|1399
ستران,شرکت سیمان تهران,1399,1400,0,0,0,1,1,1,,ستران|1399,ستران|1400
ستران,شرکت سیمان تهران,1400,1401,0,0,0,1,1,1,,ستران|1400,ستران|1401
ستران,شرکت سیمان تهران,1401,1402,0,0,0,1,1,1,,ستران|1401,ستران|1402
سغرب,شرکت صنایع سیمان غرب,1393,1394,0,0,0,1,1,1,,سغرب|1393,سغرب|1394
سغرب,شرکت صنایع سیمان غرب,1394,1395,0,0,0,1,1,1,,سغرب|1394,سغرب|1395
سغرب,شرکت صنایع سیمان غرب,1395,1396,0,0,0,1,1,1,,سغرب|1395,سغرب|1396
سغرب,شرکت صنایع سیمان غرب,1396,1397,0,0,0,1,1,1,,سغرب|1396,سغرب|1397
سغرب,شرکت صنایع سیمان غرب,1397,1398,0,0,0,1,1,1,,سغرب|1397,سغرب|1398
سغرب,شرکت صنایع سیمان غرب,1398,1399,0,0,0,1,1,1,,سغرب|1398,سغرب|1399
سغرب,شرکت صنایع سیمان غرب,1399,1400,0,0,0,1,1,1,,سغرب|1399,سغرب|1400
سغرب,شرکت صنایع سیمان غرب,1400,1401,0,0,0,1,1,1,,سغرب|1400,سغرب|1401
سغرب,شرکت صنایع سیمان غرب,1401,1402,0,0,0,1,1,1,,سغرب|1401,سغرب|1402
شبندر,پالایش نفت بندرعباس,1393,1394,0,0,0,1,1,1,,شبندر|1393,شبندر|1394
شبندر,پالایش نفت بندرعباس,1394,1395,0,0,0,1,1,1,,شبندر|1394,شبندر|1395
شبندر,پالایش نفت بندرعباس,1395,1396,0,0,0,1,1,1,,شبندر|1395,شبندر|1396
شبندر,پالایش نفت بندرعباس,1396,1397,0,0,0,1,1,1,,شبندر|1396,شبندر|1397
شبندر,پالایش نفت بندرعباس,1397,1398,0,0,0,1,1,1,,شبندر|1397,شبندر|1398
شبندر,پالایش نفت بندرعباس,1398,1399,0,0,0,1,1,1,,شبندر|1398,شبندر|1399
شبندر,پالایش نفت بندرعباس,1399,1400,0,0,0,1,1,1,,شبندر|1399,شبندر|1400
شبندر,پالایش نفت بندرعباس,1400,1401,0,0,0,1,1,1,,شبندر|1400,شبندر|1401
شبندر,پالایش نفت بندرعباس,1401,1402,0,0,0,1,1,1,,شبندر|1401,شبندر|1402
شلعاب,شرکت لعابیران,1393,1394,0,0,0,1,1,1,,شلعاب|1393,شلعاب|1394
شلعاب,شرکت لعابیران,1394,1395,0,0,0,1,1,1,,شلعاب|1394,شلعاب|1395
شلعاب,شرکت لعابیران,1395,1396,0,0,0,1,1,1,,شلعاب|1395,شلعاب|1396
شلعاب,شرکت لعابیران,1396,1397,0,0,0,1,1,1,,شلعاب|1396,شلعاب|1397
شلعاب,شرکت لعابیران,1397,1398,0,0,0,1,1,1,,شلعاب|1397,شلعاب|1398
شلعاب,شرکت لعابیران,1398,1399,0,0,0,1,1,1,,شلعاب|1398,شلعاب|1399
شلعاب,شرکت لعابیران,1399,1400,0,0,0,1,1,1,,شلعاب|1399,شلعاب|1400
شلعاب,شرکت لعابیران,1400,1401,0,0,0,1,1,1,,شلعاب|1400,شلعاب|1401
شلعاب,شرکت لعابیران,1401,1402,0,0,0,1,1,1,,شلعاب|1401,شلعاب|1402
شدوص,شرکت دوده صنعتی پارس,1393,1394,0,0,0,1,1,1,,شدوص|1393,شدوص|1394
شدوص,شرکت دوده صنعتی پارس,1394,1395,0,0,0,1,1,1,,شدوص|1394,شدوص|1395
شدوص,شرکت دوده صنعتی پارس,1395,1396,1,1,1,1,1,1,,شدوص|1395,شدوص|1396
شدوص,شرکت دوده صنعتی پارس,1396,1397,0,0,0,1,1,1,,شدوص|1396,شدوص|1397
شدوص,شرکت دوده صنعتی پارس,1397,1398,0,0,0,1,1,1,,شدوص|1397,شدوص|1398
شدوص,شرکت دوده صنعتی پارس,1398,1399,0,0,0,1,1,1,,شدوص|1398,شدوص|1399
شدوص,شرکت دوده صنعتی پارس,1399,1400,0,0,0,1,1,1,,شدوص|1399,شدوص|1400
شدوص,شرکت دوده صنعتی پارس,1400,1401,0,0,0,1,1,1,,شدوص|1400,شدوص|1401
شدوص,شرکت دوده صنعتی پارس,1401,1402,0,0,0,1,1,1,,شدوص|1401,شدوص|1402
شکربن,شرکت کربن ایران,1393,1394,0,0,0,1,1,1,,شکربن|1393,شکربن|1394
شکربن,شرکت کربن ایران,1394,1395,0,0,0,1,1,1,,شکربن|1394,شکربن|1395
شکربن,شرکت کربن ایران,1395,1396,0,0,0,1,1,1,,شکربن|1395,شکربن|1396
شکربن,شرکت کربن ایران,1396,1397,0,0,0,1,1,1,,شکربن|1396,شکربن|1397
شکربن,شرکت کربن ایران,1397,1398,0,0,0,1,1,1,,شکربن|1397,شکربن|1398
شکربن,شرکت کربن ایران,1398,1399,0,0,0,1,1,1,,شکربن|1398,شکربن|1399
شکربن,شرکت کربن ایران,1399,1400,0,0,0,1,1,1,,شکربن|1399,شکربن|1400
شکربن,شرکت کربن ایران,1400,1401,0,0,0,1,1,1,,شکربن|1400,شکربن|1401
شکربن,شرکت کربن ایران,1401,1402,0,0,0,1,1,1,,شکربن|1401,شکربن|1402
اردستان,شرکت سیمان اردستان,1399,1400,0,0,0,1,1,1,,اردستان|1399,اردستان|1400
اردستان,شرکت سیمان اردستان,1400,1401,0,0,0,1,1,1,,اردستان|1400,اردستان|1401
اردستان,شرکت سیمان اردستان,1401,1402,0,0,0,1,1,1,,اردستان|1401,اردستان|1402
اروند,شرکت پتروشیمی اروند,1401,1402,0,0,0,1,1,1,,اروند|1401,اروند|1402
شکلر,شرکت نیروی کلر,1397,1398,0,0,0,0,1,0,predictor_not_eligible:non_12_month_period,شکلر|1397,شکلر|1398
